시도,시군구,동리,단지코드,단지명,단지분류,법정동주소,도로명주소,사용승인일,동수,세대수,총주차대수,지상주차대수,지하주차대수
용인시,처인구,역북동,A10025716,역북신원아침도시아파트,아파트,경기도 용인처인구 역북동 795 역북신원아침도시아파트,경기도 용인시 처인구 낙은로 11,20190201,5,452,490.0,0.0,490.0
용인시,처인구,남곡리,A10025679,양지포레스토리,연립주택,경기도 용인처인구 양지면 남곡리 898 양지포레스토리,경기도 용인시 처인구 은이로 85,20190218,15,174,185.0,185.0,0.0
용인시,처인구,고림동,A10025660,양우내안애에듀퍼스트,아파트,경기도 용인처인구 고림동 1014 양우내안애에듀퍼스트,경기도 용인시 처인구 경안천로 196-1,20190304,18,1098,1217.0,8.0,1209.0
용인시,기흥구,영덕동,A10025178,힉스유타워 아파트,아파트,경기도 용인기흥구 영덕동 1315 힉스유타워 아파트,경기도 용인시 기흥구 중부대로 184,20191101,1,230,265.0,0.0,265.0
용인시,수지구,성복동,A10025592,성복역 KCC스위첸,아파트,경기도 용인수지구 성복동 167 성복역 KCC스위첸,경기도 용인시 수지구 성복1로 62,20190322,2,188,212.0,18.0,194.0
용인시,기흥구,신갈동,A10025541,신흥덕 롯데캐슬레이시티,아파트,경기도 용인기흥구 신갈동 736 신흥덕 롯데캐슬레이시티,경기도 용인시 기흥구 신정로 25,20190429,11,1597,1804.0,0.0,1804.0
용인시,수지구,성복동,A10025412,성복역 롯데캐슬 골드타운,아파트,경기도 용인수지구 성복동 789 성복역 롯데캐슬 골드타운,경기도 용인시 수지구 성복2로 10,20190628,13,2356,2817.0,0.0,2817.0
용인시,수지구,풍덕천동,A10025555,수지파크푸르지오,아파트,경기도 용인수지구 풍덕천동 59-2 수지파크푸르지오,경기도 용인시 수지구 풍덕천로171번길 9,20190328,5,430,548.0,0.0,548.0
용인시,기흥구,영덕동,A10025587,용인기흥 효성해링턴플레이스아파트,아파트,경기도 용인기흥구 영덕동 1267 용인기흥 효성해링턴플레이스아파트,경기도 용인시 기흥구 덕영대로2077번길 33,20190329,23,1679,1972.0,32.0,1940.0
용인시,기흥구,보라동,A10025465,용인보라해링턴플레이스아파트,아파트,경기도 용인기흥구 보라동 660 용인보라해링턴플레이스아파트,경기도 용인시 기흥구 사은로84번길 10,20190529,11,970,1119.0,199.0,920.0
용인시,수지구,동천동,A10025481,동천센트럴자이아파트,아파트,경기도 용인수지구 동천동 164-4 동천센트럴자이아파트,경기도 용인시 수지구 고기로45번길 40-18,20190530,8,1057,1383.0,0.0,1383.0
용인시,처인구,김량장동,A10025935,스위트홈아파트,도시형 생활주택(주상복합),경기도 용인처인구 김량장동 329-2 스위트홈아파트,경기도 용인시 처인구 금령로12번길 12,20161226,2,168,134.0,20.0,114.0
용인시,처인구,둔전리,A44977906,인정멜로디,아파트,경기도 용인처인구 포곡읍 둔전리 319 인정멜로디,경기도 용인시 처인구 포곡로61번길 17,19980714,5,831,824.0,305.0,519.0
용인시,처인구,둔전리,A44981205,신원1차,아파트,경기도 용인처인구 포곡읍 둔전리 385 신원1차,경기도 용인시 처인구 포곡로 90,19980714,5,474,485.0,194.0,291.0
용인시,처인구,둔전리,A44981201,신원2차,아파트,경기도 용인처인구 포곡읍 둔전리 147 신원2차,경기도 용인시 처인구 포곡로 98-1,19991220,2,296,296.0,246.0,50.0
용인시,처인구,왕산리,A44985401,풍산햇빛마을,아파트,경기도 용인처인구 모현읍 왕산리 464-2 풍산햇빛마을,경기도 용인시 처인구 백옥대로2332번길 21-8,20000324,4,330,330.0,98.0,232.0
용인시,처인구,삼가동,A44980405,용인행정타운두산위브2단지,아파트,경기도 용인처인구 삼가동 563 용인행정타운두산위브2단지,경기도 용인시 처인구 지삼로590번길 9,20131129,9,624,844.0,36.0,808.0
용인시,처인구,둔전리,A44981101,삼성쉐르빌아파트,아파트,경기도 용인처인구 포곡읍 둔전리 449 삼성쉐르빌아파트,경기도 용인시 처인구 포곡로 159,20120911,8,469,671.0,74.0,597.0
용인시,처인구,삼가동,A44980406,용인행정타운두산위브1단지,아파트,경기도 용인처인구 삼가동 562 용인행정타운두산위브1단지,경기도 용인시 처인구 지삼로590번길 24,20131129,3,199,334.0,8.0,326.0
용인시,처인구,삼가동,A44980407,용인행정타운두산위브3단지,아파트,경기도 용인처인구 삼가동 564 용인행정타운두산위브3단지,경기도 용인시 처인구 지삼로590번길 29,20131129,7,470,709.0,34.0,675.0
용인시,처인구,김량장동,A44902002,삼환,아파트,경기도 용인처인구 김량장동 502-2 삼환,경기도 용인시 처인구 중부대로1388번길 6-4,19991130,2,180,180.0,113.0,67.0
용인시,처인구,김량장동,A44970501,용인김량장주공2단지,아파트,경기도 용인처인구 김량장동 502-1 용인김량장주공2단지,경기도 용인시 처인구 중부대로1388번길 6-14,19981110,6,495,505.0,192.0,313.0
용인시,처인구,김량장동,A44992701,신우,아파트,경기도 용인처인구 김량장동 503-3 신우,경기도 용인시 처인구 중부대로1388번길 12,19991029,3,176,258.0,132.0,126.0
용인시,처인구,삼가동,A44980404,행정타운늘푸른오스카빌,아파트,경기도 용인처인구 삼가동 550 행정타운늘푸른오스카빌,경기도 용인시 처인구 중부대로1158번길 12,20041210,9,675,817.0,228.0,589.0
용인시,처인구,천리,A44983602,샘골마을신미주2단지,아파트,경기도 용인처인구 이동읍 천리 1124 샘골마을신미주2단지,경기도 용인시 처인구 백옥대로587번길 7,20050205,3,234,241.0,93.0,148.0
용인시,처인구,왕산리,A44985101,모현KCC스위첸,아파트,경기도 용인처인구 모현읍 왕산리 948 모현KCC스위첸,경기도 용인시 처인구 외대로54번길 12,20120131,6,308,387.0,8.0,379.0
용인시,처인구,천리,A44983604,샘골마을신미주1단지,아파트,경기도 용인처인구 이동읍 천리 1119 샘골마을신미주1단지,경기도 용인시 처인구 백옥대로621번길 11,20050205,12,800,804.0,224.0,580.0
용인시,처인구,송전리,A44983101,송전마을세광리치타워,아파트,경기도 용인처인구 이동읍 송전리 1227 송전마을세광리치타워,경기도 용인시 처인구 경기동로705번길 28,20100430,13,782,997.0,112.0,885.0
용인시,처인구,삼가동,A44971901,용인삼가풍림,아파트,경기도 용인처인구 삼가동 117 용인삼가풍림,경기도 용인시 처인구 금학로1번길 9,19981219,5,377,399.0,95.0,304.0
용인시,처인구,고림동,A44978101,이삭베스트,아파트,경기도 용인처인구 고림동 411-1 이삭베스트,경기도 용인시 처인구 경안천로256번길 47-14,19981224,4,300,317.0,142.0,175.0
용인시,처인구,고림동,A44978806,임원마을영화1차,아파트,경기도 용인처인구 고림동 996 임원마을영화1차,경기도 용인시 처인구 경안천로256번길 47-16,20020626,6,513,648.0,380.0,268.0
용인시,처인구,완장리,A10026198,e편한세상 용인한숲시티 5단지,아파트,경기도 용인처인구 남사읍 완장리 681 e편한세상 용인한숲시티 5단지,경기도 용인시 처인구 한숲로 83,20180627,21,2336,2732.0,400.0,2332.0
용인시,처인구,완장리,A10026178,e편한세상 용인한숲시티6단지,아파트,경기도 용인처인구 남사읍 완장리 954 e편한세상 용인한숲시티6단지,경기도 용인시 처인구 한숲로 84,20180627,15,1784,2101.0,298.0,1803.0
용인시,처인구,완장리,A10026208,이편한세상 용인한숲시티 3단지,아파트,경기도 용인처인구 남사읍 완장리 652-1 이편한세상 용인한숲시티 3단지,경기도 용인시 처인구 한숲로 123,20180627,13,1449,1682.0,271.0,1411.0
용인시,처인구,완장리,A10026189,e편한세상용인한숲시티4단지,아파트,경기도 용인처인구 남사읍 완장리 652-1 e편한세상용인한숲시티4단지,경기도 용인시 처인구 한숲로 124,20180627,6,710,834.0,133.0,701.0
용인시,처인구,완장리,A10026202,e편한세상 용인한숲시티 2단지,아파트,경기도 용인처인구 남사읍 완장리 652-1 e편한세상 용인한숲시티 2단지,경기도 용인시 처인구 한숲로 137,20180627,6,446,524.0,37.0,487.0
용인시,처인구,고림동,A44974208,인정피렌체빌리지1차,아파트,경기도 용인처인구 고림동 264-8 인정피렌체빌리지1차,경기도 용인시 처인구 한터로152번길 45,20000125,10,639,649.0,214.0,435.0
용인시,처인구,고림동,A44974307,예진마을3차,아파트,경기도 용인처인구 고림동 997 예진마을3차,경기도 용인시 처인구 한터로152번길 62,20030701,10,516,638.0,214.0,424.0
용인시,처인구,고림동,A44980703,예원마을코아루,아파트,경기도 용인처인구 고림동 1002 예원마을코아루,경기도 용인시 처인구 한터로275번길 40,20041208,7,408,493.0,162.0,331.0
용인시,처인구,유방동,A44993401,용인성웅,아파트,경기도 용인처인구 유방동 181 용인성웅,경기도 용인시 처인구 영문로29번길 17,19980515,3,271,252.0,172.0,80.0
용인시,처인구,일산리,A44985502,효천마을신안인스빌,아파트,경기도 용인처인구 모현읍 일산리 669 효천마을신안인스빌,경기도 용인시 처인구 문현로 326,20041217,12,862,1042.0,472.0,570.0
용인시,처인구,마평동,A44978703,마평우성,아파트,경기도 용인처인구 마평동 650-1 마평우성,경기도 용인시 처인구 금령로173번길 5,19960523,3,358,324.0,149.0,175.0
용인시,처인구,마평동,A44978701,용인마평두보,아파트,경기도 용인처인구 마평동 923 용인마평두보,경기도 용인시 처인구 금령로173번길 14,19991029,2,248,254.0,134.0,120.0
용인시,처인구,역북동,A10026630,우미 린 센트럴파크 관리사무소,아파트,경기도 용인처인구 역북동 736 우미 린 센트럴파크 관리사무소,경기도 용인시 처인구 명지로16번길 25,20171124,10,1260,1462.0,0.0,1462.0
용인시,처인구,역북동,A10026217,용인 명지대역 동원로얄듀크아파트,아파트,경기도 용인처인구 역북동 734 용인 명지대역 동원로얄듀크아파트,경기도 용인시 처인구 명지로16번길 26,20180622,10,842,959.0,24.0,935.0
용인시,처인구,천리,A44983301,동아,아파트,경기도 용인처인구 이동읍 천리 118-1 동아,경기도 용인시 처인구 이원로 22,19931230,1,202,132.0,67.0,65.0
용인시,처인구,삼계리,A44981402,용인수목원우림필유아파트,아파트,경기도 용인처인구 포곡읍 삼계리 672 용인수목원우림필유아파트,경기도 용인시 처인구 백옥대로1898번길 34,20070227,5,346,387.0,67.0,320.0
용인시,처인구,김량장동,A10026022,웰메이드시티337,도시형 생활주택(주상복합),경기도 용인처인구 김량장동 84-3 웰메이드시티337,경기도 용인시 처인구 금령로106번길 14-8,20180814,1,299,81.0,0.0,81.0
용인시,처인구,김량장동,A44970502,금호어울림아파트,아파트,경기도 용인처인구 김량장동 526 금호어울림아파트,경기도 용인시 처인구 금령로13번길 13,20091124,7,484,554.0,0.0,554.0
용인시,처인구,김량장동,A44970904,김량장동현대아파트,아파트,경기도 용인처인구 김량장동 4-2 김량장동현대아파트,경기도 용인시 처인구 백옥대로1068번길 12,19951214,7,755,490.0,204.0,286.0
용인시,처인구,고림동,A44901004,예진마을2차,아파트,경기도 용인처인구 고림동 995 예진마을2차,경기도 용인시 처인구 한터로152번길 15,20010420,8,416,515.0,205.0,310.0
용인시,처인구,역북동,A10026640,역북지웰 푸르지오,아파트,경기도 용인처인구 역북동 809 역북지웰 푸르지오,경기도 용인시 처인구 명지로40번길 35-16,20171124,11,1259,1463.0,8.0,1455.0
용인시,처인구,역북동,A10026765,용인역북골드클래스아파트,아파트,경기도 용인처인구 역북동 808 용인역북골드클래스아파트,경기도 용인시 처인구 명지로40번길 35-29,20170929,6,623,753.0,0.0,753.0
용인시,기흥구,동백동,A10024231,용인동백두산위브더제니스,아파트,경기도 용인기흥구 동백동 694 용인동백두산위브더제니스,경기도 용인시 기흥구 동백죽전대로 507,20210630,10,1187,1434.0,0.0,1434.0
용인시,기흥구,신갈동,A10025253,이안 두드림기흥역,주상복합,경기도 용인기흥구 신갈동 68-6 이안 두드림기흥역,경기도 용인시 기흥구 중부대로 376,20190910,1,297,235.0,0.0,235.0
용인시,수지구,상현동,A10025299,더샵수지포레,아파트,경기도 용인수지구 상현동 54-7 더샵수지포레,경기도 용인시 수지구 만현로67번길 20,20190828,6,479,597.0,5.0,592.0
용인시,기흥구,구갈동,A44673512,구갈한성1차,아파트,경기도 용인기흥구 구갈동 380 구갈한성1차,경기도 용인시 기흥구 기흥로 29,19921118,12,570,450.0,450.0,0.0
용인시,수지구,풍덕천동,A10026839,e편한세상 수지아파트,아파트,경기도 용인수지구 풍덕천동 1209 e편한세상 수지아파트,경기도 용인시 수지구 포은대로313번길 7-10,20170825,10,1237,1388.0,96.0,1292.0
용인시,기흥구,구갈동,A10026215,기흥역센트럴푸르지오,아파트,경기도 용인기흥구 구갈동 662 기흥역센트럴푸르지오,경기도 용인시 기흥구 기흥역로58번길 10,20180622,6,1316,1676.0,0.0,1676.0
용인시,기흥구,구갈동,A10026005,기흥역파크푸르지오아파트,아파트,경기도 용인기흥구 구갈동 663 기흥역파크푸르지오아파트,경기도 용인시 기흥구 기흥역로58번길 56,20180711,5,769,926.0,135.0,791.0
용인시,기흥구,구갈동,A10025933,기흥역 더샵 아파트,아파트,경기도 용인기흥구 구갈동 234-5 기흥역 더샵 아파트,경기도 용인시 기흥구 기흥역로58번길 78,20181109,6,1219,1587.0,0.0,1587.0
용인시,수지구,풍덕천동,A44898902,신정마을극동임광,아파트,경기도 용인수지구 풍덕천동 1018 신정마을극동임광,경기도 용인시 수지구 정평로 73,20000526,6,424,721.0,580.0,141.0
용인시,수지구,풍덕천동,A44875603,신정마을현대프라임,아파트,경기도 용인수지구 풍덕천동 1014 신정마을현대프라임,경기도 용인시 수지구 정평로 89,20000229,8,462,801.0,299.0,502.0
용인시,수지구,풍덕천동,A44876702,수지한국,아파트,경기도 용인수지구 풍덕천동 699 수지한국,경기도 용인시 수지구 정평로 116,19950619,5,416,316.0,216.0,100.0
용인시,수지구,죽전동,A44875411,현암마을동성2차,아파트,경기도 용인수지구 죽전동 1003-8 현암마을동성2차,경기도 용인시 수지구 용구대로 2720,19990513,12,838,883.0,360.0,523.0
용인시,수지구,죽전동,A44816015,죽전동성1차,아파트,경기도 용인수지구 죽전동 501 죽전동성1차,경기도 용인시 수지구 용구대로 2742,19970619,9,684,683.0,343.0,340.0
용인시,기흥구,마북동,A44655712,삼성래미안1차,아파트,경기도 용인기흥구 마북동 629 삼성래미안1차,경기도 용인시 기흥구 용구대로2394번길 27,20021231,17,1282,2135.0,310.0,1825.0
용인시,수지구,상현동,A44851802,상현현대성우2차,아파트,경기도 용인수지구 상현동 825 상현현대성우2차,경기도 용인시 수지구 상현로11번길 26,20011226,4,198,386.0,17.0,369.0
용인시,수지구,상현동,A44851501,금호베스트빌3단지,아파트,경기도 용인수지구 상현동 837 금호베스트빌3단지,경기도 용인시 수지구 상현로42번길 40,20020227,3,159,276.0,15.0,261.0
용인시,수지구,상현동,A44851509,상현마을동일스위트,아파트,경기도 용인수지구 상현동 838 상현마을동일스위트,경기도 용인시 수지구 상현로42번길 46,20011231,5,312,475.0,70.0,405.0
용인시,기흥구,보정동,A44691304,죽전자이2차,주상복합,경기도 용인기흥구 보정동 1291 죽전자이2차,경기도 용인시 기흥구 용구대로2469번길 20,20051230,1,275,435.0,55.0,380.0
용인시,수지구,상현동,A44813002,서원마을현대홈타운,아파트,경기도 용인수지구 상현동 85-6 서원마을현대홈타운,경기도 용인시 수지구 포은대로 231,20010217,6,462,556.0,235.0,321.0
용인시,수지구,상현동,A44874606,성복역리버파크,아파트,경기도 용인수지구 상현동 1 성복역리버파크,경기도 용인시 수지구 포은대로 298,19980509,4,702,532.0,353.0,179.0
용인시,수지구,죽전동,A44816001,죽전7차현대홈타운2단지,아파트,경기도 용인수지구 죽전동 1152 죽전7차현대홈타운2단지,경기도 용인시 수지구 탄천상로 6,20040916,6,194,198.0,49.0,149.0
용인시,수지구,죽전동,A44876902,현인마을대림이편한세상2차,아파트,경기도 용인수지구 죽전동 1153 현인마을대림이편한세상2차,경기도 용인시 수지구 탄천상로 29,20060221,5,206,227.0,75.0,152.0
용인시,수지구,죽전동,A44876904,현인마을대림이편한세상3차,아파트,경기도 용인수지구 죽전동 1154 현인마을대림이편한세상3차,경기도 용인시 수지구 탄천상로 30,20060221,5,239,263.0,100.0,163.0
용인시,수지구,동천동,A44851003,원천마을푸르지오,아파트,경기도 용인수지구 동천동 910 원천마을푸르지오,경기도 용인시 수지구 고기로 3,20030429,3,190,191.0,59.0,132.0
용인시,수지구,동천동,A44812007,행림마을진로,아파트,경기도 용인수지구 동천동 177-12 행림마을진로,경기도 용인시 수지구 고기로 11,20000411,3,269,272.0,51.0,221.0
용인시,수지구,동천동,A10026065,동천자이아파트,아파트,경기도 용인수지구 동천동  동천자이아파트,경기도 용인시 수지구 고기로 89,20180830,10,1437,1847.0,0.0,1847.0
용인시,수지구,상현동,A44851611,진산마을성원상떼빌아파트,아파트,경기도 용인수지구 상현동 30 진산마을성원상떼빌아파트,경기도 용인시 수지구 진산로 24,19971220,19,1744,1741.0,960.0,781.0
용인시,수지구,신봉동,A10026986,광교산한양수자인더킨포크,연립주택,경기도 용인수지구 신봉동 1024 광교산한양수자인더킨포크,경기도 용인시 수지구 태봉로 17,20170526,30,294,345.0,52.0,293.0
용인시,수지구,풍덕천동,A44899106,수지진흥아파트,아파트,경기도 용인수지구 풍덕천동 1027 수지진흥아파트,경기도 용인시 수지구 풍덕천로 19,19991213,6,414,448.0,228.0,220.0
용인시,수지구,풍덕천동,A44899101,신정마을6단지상록,아파트,경기도 용인수지구 풍덕천동 1028 신정마을6단지상록,경기도 용인시 수지구 풍덕천로 33,20000131,5,393,404.0,222.0,182.0
용인시,수지구,풍덕천동,A44899209,현대성우,아파트,경기도 용인수지구 풍덕천동 1112 현대성우,경기도 용인시 수지구 풍덕천로 52,19991119,13,1239,1296.0,425.0,871.0
용인시,수지구,풍덕천동,A44899006,신정마을7단지 상록아파트,아파트,경기도 용인수지구 풍덕천동 1060 신정마을7단지 상록아파트,경기도 용인시 수지구 풍덕천로 75,20000131,7,670,632.0,409.0,223.0
용인시,수지구,풍덕천동,A44899307,신정마을9단지,아파트,경기도 용인수지구 풍덕천동 1104 신정마을9단지,경기도 용인시 수지구 풍덕천로 76,20000504,9,812,814.0,278.0,536.0
용인시,기흥구,중동,A44675112,초당마을삼부르네상스아파트,아파트,경기도 용인기흥구 중동 1046 초당마을삼부르네상스아파트,경기도 용인시 기흥구 동백1로 9,20060329,4,289,320.0,88.0,232.0
용인시,기흥구,중동,A44675304,초당마을 삼부르네상스,아파트,경기도 용인기흥구 중동 1046 초당마을 삼부르네상스,경기도 용인시 기흥구 동백1로 12,20060329,4,279,308.0,87.0,221.0
용인시,수지구,풍덕천동,A44898708,신정마을주공1단지아파트,아파트,경기도 용인수지구 풍덕천동 1065 신정마을주공1단지아파트,경기도 용인시 수지구 풍덕천로 91,20000331,12,1044,1045.0,372.0,673.0
용인시,기흥구,신갈동,A44696202,신갈신미주,아파트,경기도 용인기흥구 신갈동 14-4 신갈신미주,경기도 용인시 기흥구 신갈로138번길 12,19950224,2,247,149.0,77.0,72.0
용인시,수지구,풍덕천동,A44899105,수지에듀파크,아파트,경기도 용인수지구 풍덕천동 504-10 수지에듀파크,경기도 용인시 수지구 정평로13번길 20,19990326,1,279,283.0,208.0,75.0
용인시,기흥구,보정동,A44697610,동원로얄듀크,아파트,경기도 용인기흥구 보정동 1271 동원로얄듀크,경기도 용인시 기흥구 죽현로 12,20060427,13,706,927.0,207.0,720.0
용인시,기흥구,중동,A44691609,어은목마을 벽산블루밍,아파트,경기도 용인기흥구 중동 1051 어은목마을 벽산블루밍,경기도 용인시 기흥구 동백2로 11,20060329,9,533,773.0,36.0,737.0
용인시,기흥구,중동,A44691608,동백역 경남아너스빌,아파트,경기도 용인기흥구 중동 1050 동백역 경남아너스빌,경기도 용인시 기흥구 동백2로 12,20060329,9,592,650.0,80.0,570.0
용인시,기흥구,중동,A44671707,대원칸타빌,아파트,경기도 용인기흥구 중동 958 대원칸타빌,경기도 용인시 기흥구 동백2로 37,20060419,6,432,835.0,196.0,639.0
용인시,기흥구,보라동,A44690404,한보라 에듀포레,아파트,경기도 용인기흥구 보라동 617 한보라 에듀포레,경기도 용인시 기흥구 한보라1로43번길 22,20061201,7,446,497.0,221.0,276.0
용인시,기흥구,보라동,A44690405,한보라마을휴먼시아4단지,아파트,경기도 용인기흥구 보라동 606 한보라마을휴먼시아4단지,경기도 용인시 기흥구 한보라1로43번길 23,20061018,8,581,530.0,161.0,369.0
용인시,기흥구,보라동,A44673703,삼성래미안,아파트,경기도 용인기흥구 보라동 450 삼성래미안,경기도 용인시 기흥구 한보라1로64번길 22,19980529,6,370,373.0,179.0,194.0
용인시,기흥구,신갈동,A44659803,인성마을현대,아파트,경기도 용인기흥구 신갈동 151-1 인성마을현대,경기도 용인시 기흥구 용구대로 2242,19970604,2,293,215.0,166.0,49.0
용인시,기흥구,마북동,A44693706,연원마을현대,아파트,경기도 용인기흥구 마북동 550-4 연원마을현대,경기도 용인시 기흥구 연원로 60,20000531,8,424,765.0,217.0,548.0
용인시,기흥구,보정동,A44693909,연원마을성원아파트,아파트,경기도 용인기흥구 보정동 694 연원마을성원아파트,경기도 용인시 기흥구 연원로 49,20001101,16,691,1123.0,193.0,930.0
용인시,기흥구,서천동,A44695902,서그내마을SK,아파트,경기도 용인기흥구 서천동 700 서그내마을SK,경기도 용인시 기흥구 예현로 15,20020520,8,807,1048.0,518.0,530.0
용인시,수지구,풍덕천동,A44899102,신정마을우성,아파트,경기도 용인수지구 풍덕천동 1025 신정마을우성,경기도 용인시 수지구 정평로 41,20000513,5,443,482.0,290.0,192.0
용인시,수지구,풍덕천동,A44897804,신정마을성지,아파트,경기도 용인수지구 풍덕천동 1021 신정마을성지,경기도 용인시 수지구 정평로 61,20000527,7,538,923.0,391.0,532.0
용인시,기흥구,보정동,A44691301,죽전누리에뜰,주상복합,경기도 용인기흥구 보정동 1263 죽전누리에뜰,경기도 용인시 기흥구 죽전로 20,20060607,4,200,268.0,5.0,263.0
용인시,기흥구,고매동,A44690101,매화마을 우남 퍼스트빌,아파트,경기도 용인기흥구 고매동 877 매화마을 우남 퍼스트빌,경기도 용인시 기흥구 고매로34번길 10,20020912,3,166,171.0,121.0,50.0
용인시,기흥구,고매동,A44657603,우림홀인원,아파트,경기도 용인기흥구 고매동 880 우림홀인원,경기도 용인시 기흥구 고매로34번길 31,20030731,5,299,361.0,196.0,165.0
용인시,수지구,풍덕천동,A44875904,동보1차,아파트,경기도 용인수지구 풍덕천동 703 동보1차,경기도 용인시 수지구 풍덕천로 161,19950407,5,470,587.0,429.0,158.0
용인시,수지구,풍덕천동,A44878407,수지푸르지오월드마크,주상복합,경기도 용인수지구 풍덕천동 1195 수지푸르지오월드마크,경기도 용인시 수지구 포은대로 467,20130524,2,198,258.0,0.0,258.0
용인시,수지구,풍덕천동,A10025228,풍덕천동 한샘 더랜드마크,도시형 생활주택(주상복합),경기도 용인수지구 풍덕천동 82-9 풍덕천동 한샘 더랜드마크,경기도 용인시 수지구 포은대로 477,20181129,1,220,244.0,11.0,233.0
용인시,수지구,상현동,A44813009,서원마을3단지아이파크,아파트,경기도 용인수지구 상현동 860 서원마을3단지아이파크,경기도 용인시 수지구 포은대로 219,20020906,6,438,709.0,240.0,469.0
용인시,기흥구,보정동,A44677015,신촌마을포스홈타운1단지,아파트,경기도 용인기흥구 보정동 1282 신촌마을포스홈타운1단지,경기도 용인시 기흥구 용구대로2518번길 15,20040930,12,884,1654.0,604.0,1050.0
용인시,기흥구,공세동,A44690201,불곡마을벽산블루밍,아파트,경기도 용인기흥구 공세동 663 불곡마을벽산블루밍,경기도 용인시 기흥구 고매로43번길 32-2,20050722,6,390,480.0,45.0,435.0
용인시,수지구,풍덕천동,A44878309,수지현대아파트,아파트,경기도 용인수지구 풍덕천동 700-1 수지현대아파트,경기도 용인시 수지구 수지로342번길 18,19941220,12,1168,871.0,785.0,86.0
용인시,수지구,상현동,A44813001,풍산,아파트,경기도 용인수지구 상현동 96-1 풍산,경기도 용인시 수지구 수지로78번길 20,19971117,4,438,333.0,231.0,102.0
용인시,기흥구,상하동,A44677402,인정프린스4차,아파트,경기도 용인기흥구 상하동 137 인정프린스4차,경기도 용인시 기흥구 중부대로 820,19961220,3,367,238.0,184.0,54.0
용인시,기흥구,동백동,A44691111,해든마을동문굿모닝힐,아파트,경기도 용인기흥구 동백동 689 해든마을동문굿모닝힐,경기도 용인시 기흥구 동백죽전대로 455-10,20071130,6,512,619.0,107.0,512.0
용인시,기흥구,동백동,A44691107,동백동원로얄듀크,아파트,경기도 용인기흥구 동백동 683 동백동원로얄듀크,경기도 용인시 기흥구 동백죽전대로 455-17,20070731,7,477,750.0,60.0,690.0
용인시,기흥구,보정동,A44691302,신촌마을상록데시앙,아파트,경기도 용인기흥구 보정동 1283 신촌마을상록데시앙,경기도 용인시 기흥구 보정로 26,20060929,3,230,262.0,76.0,186.0
용인시,기흥구,보정동,A44694013,동아솔레시티,아파트,경기도 용인기흥구 보정동 1162 동아솔레시티,경기도 용인시 기흥구 보정로 30,20030305,36,1701,3777.0,490.0,3287.0
용인시,수지구,신봉동,A44853602,한일유엔아이,아파트,경기도 용인수지구 신봉동 874 한일유엔아이,경기도 용인시 수지구 신봉1로48번길 29,20031230,4,296,303.0,25.0,278.0
용인시,수지구,신봉동,A44853605,서홍한화꿈에그린,아파트,경기도 용인수지구 신봉동 880 서홍한화꿈에그린,경기도 용인시 수지구 신봉1로48번길 32,20040120,5,404,407.0,53.0,354.0
용인시,수지구,신봉동,A44853601,서홍마을벽산블루밍,아파트,경기도 용인수지구 신봉동 876 서홍마을벽산블루밍,경기도 용인시 수지구 신봉1로48번길 45,20040126,4,246,248.0,63.0,185.0
용인시,수지구,신봉동,A44815004,신봉마을자이3차,아파트,경기도 용인수지구 신봉동 912 신봉마을자이3차,경기도 용인시 수지구 신봉1로71번길 25,20070330,8,401,442.0,164.0,278.0
용인시,기흥구,보라동,A44695410,민속마을쌍용,아파트,경기도 용인기흥구 보라동 553 민속마을쌍용,경기도 용인시 기흥구 사은로126번길 10,20020520,20,1596,2776.0,783.0,1993.0
용인시,수지구,성복동,A44898206,성복힐스테이트3차,아파트,경기도 용인수지구 성복동 760 성복힐스테이트3차,경기도 용인시 수지구 성복2로 220,20100606,12,823,1674.0,183.0,1491.0
용인시,수지구,성복동,A44898210,성복자이2차,아파트,경기도 용인수지구 성복동 767 성복자이2차,경기도 용인시 수지구 성복2로 251,20101203,13,783,1732.0,253.0,1479.0
용인시,기흥구,언남동,A44657207,장미마을 삼성래미안2차,아파트,경기도 용인기흥구 언남동 495 장미마을 삼성래미안2차,경기도 용인시 기흥구 구성로 90,20031217,16,1219,1494.0,106.0,1388.0
용인시,수지구,죽전동,A44895021,죽전퍼스트하임,아파트,경기도 용인수지구 죽전동 488 죽전퍼스트하임,경기도 용인시 수지구 대지로 49,19990220,5,480,509.0,245.0,264.0
용인시,수지구,죽전동,A44816008,꽃메마을현대홈타운4-4,아파트,경기도 용인수지구 죽전동 1303 꽃메마을현대홈타운4-4,경기도 용인시 수지구 푸른솔로 20,20040629,5,342,572.0,347.0,225.0
용인시,수지구,죽전동,A44898312,도담마을뜨리에체,아파트,경기도 용인수지구 죽전동 414 도담마을뜨리에체,경기도 용인시 수지구 푸른솔로 49,19990227,6,430,430.0,168.0,262.0
용인시,수지구,죽전동,A44816009,현대홈타운4차1단지,아파트,경기도 용인수지구 죽전동 1116 현대홈타운4차1단지,경기도 용인시 수지구 푸른솔로 55,20030402,5,351,591.0,208.0,383.0
용인시,수지구,죽전동,A44854505,꽃메마을현대힐스테이트4차2단지,아파트,경기도 용인수지구 죽전동 1269 꽃메마을현대힐스테이트4차2단지,경기도 용인시 수지구 푸른솔로 56,20040629,5,254,266.0,39.0,227.0
용인시,수지구,죽전동,A44816108,도담마을 한양수자인,아파트,경기도 용인수지구 죽전동 1262 도담마을 한양수자인,경기도 용인시 수지구 푸른솔로 76,20041201,4,332,347.0,86.0,261.0
용인시,수지구,죽전동,A44854211,우미이노스빌1차,아파트,경기도 용인수지구 죽전동 1261 우미이노스빌1차,경기도 용인시 수지구 푸른솔로 88,20041005,4,418,424.0,223.0,201.0
용인시,기흥구,하갈동,A44672601,"청명호수마을신안인스빌1,2단지",아파트,"경기도 용인기흥구 하갈동 631 청명호수마을신안인스빌1,2단지",경기도 용인시 기흥구 덕영대로 1871,20090608,16,1003,1536.0,93.0,1443.0
용인시,기흥구,보정동,A44656712,죽현마을아이파크1차,아파트,경기도 용인기흥구 보정동 1267 죽현마을아이파크1차,경기도 용인시 기흥구 보정로 87,20040726,15,1466,1550.0,464.0,1086.0
용인시,기흥구,보정동,A44691303,죽현마을LG자이,아파트,경기도 용인기흥구 보정동 1258 죽현마을LG자이,경기도 용인시 기흥구 보정로 88,20040630,4,238,553.0,3.0,550.0
용인시,기흥구,보라동,A44695301,기흥삼정,아파트,경기도 용인기흥구 보라동 289-12 기흥삼정,경기도 용인시 기흥구 사은로 64,19981029,3,299,243.0,125.0,118.0
용인시,기흥구,보라동,A44690402,화성파크드림아파트,아파트,경기도 용인기흥구 보라동 633 화성파크드림아파트,경기도 용인시 기흥구 한보라2로 93,20070727,8,311,614.0,123.0,491.0
용인시,기흥구,공세동,A44679603,화성파크드림프라브,연립주택,경기도 용인기흥구 공세동 676 화성파크드림프라브,경기도 용인시 기흥구 한보라2로 141,20091130,14,261,320.0,0.0,320.0
용인시,기흥구,공세동,A44690203,한보라마을 경남아너스빌,아파트,경기도 용인기흥구 공세동 679 한보라마을 경남아너스빌,경기도 용인시 기흥구 한보라2로 167,20061013,8,600,542.0,196.0,346.0
용인시,기흥구,공세동,A44690205,한보라마을휴먼시아7단지,아파트,경기도 용인기흥구 공세동 674 한보라마을휴먼시아7단지,경기도 용인시 기흥구 한보라2로 168,20061124,10,851,771.0,246.0,525.0
용인시,수지구,상현동,A44852403,만현마을5단지현대,아파트,경기도 용인수지구 상현동 858 만현마을5단지현대,경기도 용인시 수지구 만현로 79,20020430,7,528,889.0,343.0,546.0
용인시,수지구,상현동,A44852301,만현마을쌍용3차,아파트,경기도 용인수지구 상현동 852 만현마을쌍용3차,경기도 용인시 수지구 만현로 99,20010928,6,375,677.0,157.0,520.0
용인시,수지구,상현동,A44852108,만현마을쌍용1차,아파트,경기도 용인수지구 상현동 850 만현마을쌍용1차,경기도 용인시 수지구 만현로 107,20010619,13,992,1353.0,548.0,805.0
용인시,수지구,상현동,A44851604,만현마을두산위브,아파트,경기도 용인수지구 상현동 861 만현마을두산위브,경기도 용인시 수지구 만현로 127,20020826,8,556,1281.0,509.0,772.0
용인시,수지구,풍덕천동,A44876510,초입마을삼익풍림동아,아파트,경기도 용인수지구 풍덕천동 664 초입마을삼익풍림동아,경기도 용인시 수지구 문인로 59,19941220,12,1620,761.0,761.0,0.0
용인시,기흥구,보라동,A44695508,민속마을 신창미션힐,아파트,경기도 용인기흥구 보라동 558 민속마을 신창미션힐,경기도 용인시 기흥구 사은로126번길 33,20020917,14,926,1534.0,431.0,1103.0
용인시,기흥구,보라동,A44658209,민속마을현대모닝사이드,아파트,경기도 용인기흥구 보라동 570 민속마을현대모닝사이드,경기도 용인시 기흥구 사은로126번길 46,20040126,17,1112,1770.0,530.0,1240.0
용인시,기흥구,구갈동,A10026657,기흥역 롯데캐슬레이시티,아파트,경기도 용인기흥구 구갈동  기흥역 롯데캐슬레이시티,경기도 용인시 기흥구 기흥역로 9,20171129,2,260,310.0,0.0,310.0
용인시,기흥구,구갈동,A10026636,기흥역지웰푸르지오(주상복합),아파트,경기도 용인기흥구 구갈동 658 기흥역지웰푸르지오(주상복합),경기도 용인시 기흥구 기흥역로 16,20171129,4,561,640.0,0.0,640.0
용인시,기흥구,구갈동,A10026083,힐스테이트기흥,아파트,경기도 용인기흥구 구갈동 660 힐스테이트기흥,경기도 용인시 기흥구 기흥역로 63,20180824,5,976,1218.0,1218.0,0.0
용인시,수지구,죽전동,A44897114,대지마을현대홈타운3차2단지,아파트,경기도 용인수지구 죽전동 1118 대지마을현대홈타운3차2단지,경기도 용인시 수지구 대지로15번길 60,20030404,9,537,657.0,103.0,554.0
용인시,기흥구,신갈동,A44658413,새천년그린빌주공3단지,아파트,경기도 용인기흥구 신갈동 707 새천년그린빌주공3단지,경기도 용인시 기흥구 새천년로16번길 16,20060320,9,693,717.0,209.0,508.0
용인시,기흥구,서천동,A10027657,서천2차아이파크아파트,아파트,경기도 용인기흥구 서천동 755 서천2차아이파크아파트,경기도 용인시 기흥구 서천동로21번길 5,20160226,6,289,316.0,23.0,293.0
용인시,수지구,죽전동,A44854807,죽전아이뷰,아파트,경기도 용인수지구 죽전동 883-1 죽전아이뷰,경기도 용인시 수지구 현암로 3,19990830,5,432,471.0,237.0,234.0
용인시,수지구,상현동,A44813012,광교경남아너스빌,아파트,경기도 용인수지구 상현동 1115 광교경남아너스빌,경기도 용인시 수지구 광교마을로 2,20111130,7,700,1022.0,3.0,1019.0
용인시,수지구,상현동,A44813015,광교마을45단지,아파트,경기도 용인수지구 상현동 1113 광교마을45단지,경기도 용인시 수지구 광교마을로 11,20140129,7,672,1081.0,0.0,1081.0
용인시,수지구,죽전동,A44816006,도담마을롯데캐슬,아파트,경기도 용인수지구 죽전동 1115 도담마을롯데캐슬,경기도 용인시 수지구 대지로 64,20020329,5,231,316.0,74.0,242.0
용인시,수지구,죽전동,A44816017,도담마을휴먼빌아파트,아파트,경기도 용인수지구 죽전동 1483 도담마을휴먼빌아파트,경기도 용인시 수지구 대지로 77,20100611,4,260,288.0,0.0,288.0
용인시,수지구,풍덕천동,A44855001,태영데시앙2차,아파트,경기도 용인수지구 풍덕천동 1186 태영데시앙2차,경기도 용인시 수지구 풍덕천로22번길 67,20060418,6,249,249.0,9.0,240.0
용인시,수지구,풍덕천동,A44899103,이스턴팰리스아파트,아파트,경기도 용인수지구 풍덕천동 240-3 이스턴팰리스아파트,경기도 용인시 수지구 풍덕천로30번길 20,20000428,3,174,501.0,23.0,478.0
용인시,수지구,상현동,A44852511,광교상현마을 현대아파트,아파트,경기도 용인수지구 상현동 853 광교상현마을 현대아파트,경기도 용인시 수지구 상현로 2,20011221,7,498,621.0,287.0,334.0
용인시,수지구,상현동,A44852214,광교쌍용포레듀엔1단지,아파트,경기도 용인수지구 상현동 824 광교쌍용포레듀엔1단지,경기도 용인시 수지구 상현로 27,20011205,7,421,820.0,292.0,528.0
용인시,수지구,상현동,A44813014,광교쌍용포레듀엔 2단지,아파트,경기도 용인수지구 상현동 828 광교쌍용포레듀엔 2단지,경기도 용인시 수지구 상현로 30-6,20011205,5,315,630.0,159.0,471.0
용인시,수지구,상현동,A44851512,광교쌍용포레듀엔3단지,아파트,경기도 용인수지구 상현동 831 광교쌍용포레듀엔3단지,경기도 용인시 수지구 상현로 30-9,20011205,4,251,256.0,90.0,166.0
용인시,수지구,상현동,A44851913,광교상떼빌파크뷰(구 상현마을성원상떼빌아파트),아파트,경기도 용인수지구 상현동 866 광교상떼빌파크뷰(구 상현마을성원상떼빌아파트),경기도 용인시 수지구 상현로 30-10,20021216,13,968,1760.0,417.0,1343.0
용인시,수지구,상현동,A44851508,금호베스트빌2단지,아파트,경기도 용인수지구 상현동 832 금호베스트빌2단지,경기도 용인시 수지구 상현로 58,20010331,6,407,787.0,145.0,642.0
용인시,수지구,상현동,A44813004,수지금호베스트빌TheEdu,아파트,경기도 용인수지구 상현동 827 수지금호베스트빌TheEdu,경기도 용인시 수지구 상현로 59,20010331,8,573,1058.0,305.0,753.0
용인시,수지구,상현동,A44851503,금호베스트빌4단지,아파트,경기도 용인수지구 상현동 840 금호베스트빌4단지,경기도 용인시 수지구 상현로 67-12,20020227,3,224,563.0,139.0,424.0
용인시,수지구,상현동,A44851610,상현현대성우3차,아파트,경기도 용인수지구 상현동 855 상현현대성우3차,경기도 용인시 수지구 상현로 88,20020425,5,336,653.0,153.0,500.0
용인시,수지구,상현동,A44851609,상현마을현대성우1차,아파트,경기도 용인수지구 상현동 851 상현마을현대성우1차,경기도 용인시 수지구 상현로 100,20010915,9,470,788.0,297.0,491.0
용인시,수지구,상현동,A44872712,수지센트럴아이파크,아파트,경기도 용인수지구 상현동 842 수지센트럴아이파크,경기도 용인시 수지구 상현로 101,20060828,14,895,1700.0,309.0,1391.0
용인시,수지구,상현동,A44851805,현대성우5차,아파트,경기도 용인수지구 상현동 843 현대성우5차,경기도 용인시 수지구 상현로 119-6,20031021,4,310,580.0,60.0,520.0
용인시,수지구,동천동,A44851113,동천마을현대2차홈타운,아파트,경기도 용인수지구 동천동 862 동천마을현대2차홈타운,경기도 용인시 수지구 동천로63번길 10,20020417,9,1128,1126.0,353.0,773.0
용인시,수지구,동천동,A44851004,래미안이스트팰리스3단지,아파트,경기도 용인수지구 동천동 932 래미안이스트팰리스3단지,경기도 용인시 수지구 동천로135번길 21,20100531,14,885,1607.0,54.0,1553.0
용인시,기흥구,신갈동,A44658412,갈현마을현대홈타운,아파트,경기도 용인기흥구 신갈동 159 갈현마을현대홈타운,경기도 용인시 기흥구 관곡로 16,20010621,8,584,589.0,298.0,291.0
용인시,수지구,죽전동,A44816104,새터마을모아미래도,아파트,경기도 용인수지구 죽전동 1216 새터마을모아미래도,경기도 용인시 수지구 대지로 127,20050203,4,252,272.0,55.0,217.0
용인시,수지구,죽전동,A44898513,용인죽전동부센트레빌,아파트,경기도 용인수지구 죽전동 172-1 용인죽전동부센트레빌,경기도 용인시 수지구 대지로 139,19981201,7,536,570.0,210.0,360.0
용인시,수지구,동천동,A44874508,풍림2차,아파트,경기도 용인수지구 동천동 176-1 풍림2차,경기도 용인시 수지구 동천로 18,19981231,2,271,273.0,113.0,160.0
용인시,수지구,동천동,A44812004,동천동문6차굿모닝힐,아파트,경기도 용인수지구 동천동 913 동천동문6차굿모닝힐,경기도 용인시 수지구 동천로 53,20071031,4,220,425.0,0.0,425.0
용인시,수지구,동천동,A44812014,동천동문5차굿모닝힐,아파트,경기도 용인수지구 동천동 914 동천동문5차굿모닝힐,경기도 용인시 수지구 동천로 64,20071031,15,1334,1473.0,202.0,1271.0
용인시,수지구,동천동,A44874401,동천마을동문3차,아파트,경기도 용인수지구 동천동 858 동천마을동문3차,경기도 용인시 수지구 동천로 93,20011107,3,181,265.0,53.0,212.0
용인시,기흥구,마북동,A10026882,용인마북신원아침도시,아파트,경기도 용인기흥구 마북동 654 용인마북신원아침도시,경기도 용인시 기흥구 마북로247번길 3,20170731,3,180,186.0,0.0,186.0
용인시,수지구,죽전동,A44897120,새터마을죽전힐스테이트,아파트,경기도 용인수지구 죽전동 1165 새터마을죽전힐스테이트,경기도 용인시 수지구 현암로125번길 11,20040629,23,1998,2032.0,422.0,1610.0
용인시,수지구,죽전동,A44879606,죽전중앙하이츠,아파트,경기도 용인수지구 죽전동 1112 죽전중앙하이츠,경기도 용인시 수지구 현암로63번길 2,20011110,5,271,635.0,168.0,467.0
용인시,기흥구,언남동,A44670301,스파팰리스리가,아파트,경기도 용인기흥구 언남동 503 스파팰리스리가,경기도 용인시 기흥구 언남로 5,20130208,8,533,730.0,44.0,686.0
용인시,기흥구,언남동,A44657104,동일하이빌2차,아파트,경기도 용인기흥구 언남동 496 동일하이빌2차,경기도 용인시 기흥구 언남로 15,20020801,12,837,1495.0,0.0,1495.0
용인시,수지구,죽전동,A44875510,수지벽산2단지,아파트,경기도 용인수지구 죽전동 832-1 수지벽산2단지,경기도 용인시 수지구 용구대로2771번길 66,19970902,10,684,601.0,282.0,319.0
용인시,수지구,죽전동,A44875509,벽산타운1단지,아파트,경기도 용인수지구 죽전동 832 벽산타운1단지,경기도 용인시 수지구 용구대로2771번길 68,19970927,9,612,508.0,164.0,344.0
용인시,수지구,죽전동,A44854601,창죽벽산첼시빌,아파트,경기도 용인수지구 죽전동 1111 창죽벽산첼시빌,경기도 용인시 수지구 용구대로2771번길 88,20010929,2,179,364.0,26.0,338.0
용인시,기흥구,구갈동,A44659306,구갈가현마을신안,아파트,경기도 용인기흥구 구갈동 344 구갈가현마을신안,경기도 용인시 기흥구 관곡로 53,20011217,5,364,599.0,235.0,364.0
용인시,기흥구,구갈동,A44673613,구갈한양,아파트,경기도 용인기흥구 구갈동 396 구갈한양,경기도 용인시 기흥구 구갈로28번길 21-21,19931224,10,624,591.0,325.0,266.0
용인시,기흥구,구갈동,A44673303,기흥동부아파트,아파트,경기도 용인기흥구 구갈동 384-1 기흥동부아파트,경기도 용인시 기흥구 구갈로28번길 32,19921201,3,200,185.0,185.0,0.0
용인시,기흥구,중동,A44671816,초당마을주공3단지,아파트,경기도 용인기흥구 중동 1041 초당마을주공3단지,경기도 용인시 기흥구 동백중앙로 41,20060427,9,816,822.0,451.0,371.0
용인시,기흥구,중동,A44671805,초당마을현진에버빌,아파트,경기도 용인기흥구 중동 1045 초당마을현진에버빌,경기도 용인시 기흥구 동백중앙로 73,20060227,7,320,560.0,162.0,398.0
용인시,기흥구,중동,A44691615,백현마을동일하이빌,아파트,경기도 용인기흥구 중동 874 백현마을동일하이빌,경기도 용인시 기흥구 동백중앙로 312,20060321,14,743,989.0,90.0,899.0
용인시,기흥구,동백동,A44672214,호수마을계룡리슈빌,아파트,경기도 용인기흥구 동백동 604 호수마을계룡리슈빌,경기도 용인시 기흥구 동백평촌로 15,20060302,9,567,629.0,133.0,496.0
용인시,기흥구,동백동,A44691108,호수마을동보노빌리티,아파트,경기도 용인기흥구 동백동 654 호수마을동보노빌리티,경기도 용인시 기흥구 동백평촌로 39,20060227,9,481,646.0,40.0,606.0
용인시,기흥구,동백동,A44679510,호수마을상록롯데캐슬,아파트,경기도 용인기흥구 동백동 653 호수마을상록롯데캐슬,경기도 용인시 기흥구 동백평촌로 70,20070206,6,552,661.0,174.0,487.0
용인시,기흥구,영덕동,A44678707,흥덕마을13단지경남아너스빌,아파트,경기도 용인기흥구 영덕동 1117 흥덕마을13단지경남아너스빌,경기도 용인시 기흥구 흥덕4로30번길 11,20090619,7,368,736.0,5.0,731.0
용인시,기흥구,구갈동,A44657911,구갈세종그랑시아 2단지,아파트,경기도 용인기흥구 구갈동 273 구갈세종그랑시아 2단지,경기도 용인시 기흥구 기흥로38번길 34,19991108,10,194,236.0,3.0,233.0
용인시,기흥구,신갈동,A44695211,도현마을현대,아파트,경기도 용인기흥구 신갈동 165 도현마을현대,경기도 용인시 기흥구 구갈로 115-16,20010525,7,568,878.0,361.0,517.0
용인시,기흥구,구갈동,A44673507,구갈한성2차,아파트,경기도 용인기흥구 구갈동 385-1 구갈한성2차,경기도 용인시 기흥구 구갈로 16,19930705,7,384,126.0,126.0,0.0
용인시,기흥구,보정동,A44677016,보정한화꿈에그린,아파트,경기도 용인기흥구 보정동 1393 보정한화꿈에그린,경기도 용인시 기흥구 구교동로 17,20121030,6,379,580.0,0.0,580.0
용인시,기흥구,보정동,A44656506,솔뫼마을현대홈타운,아파트,경기도 용인기흥구 보정동 1169 솔뫼마을현대홈타운,경기도 용인시 기흥구 이현로30번길 7,20011220,7,382,753.0,612.0,141.0
용인시,기흥구,마북동,A44677102,구성자이3차,아파트,경기도 용인기흥구 마북동 638 구성자이3차,경기도 용인시 기흥구 구교동로118번길 7,20100329,7,309,478.0,46.0,432.0
용인시,기흥구,영덕동,A44696703,영통빌리지,아파트,경기도 용인기흥구 영덕동 916 영통빌리지,경기도 용인시 기흥구 중부대로55번길 11,19991106,30,472,475.0,385.0,90.0
용인시,기흥구,마북동,A44655904,마북우림,아파트,경기도 용인기흥구 마북동 352 마북우림,경기도 용인시 기흥구 구성로39번길 13,19980114,4,362,320.0,125.0,195.0
용인시,기흥구,마북동,A10027214,용인 구성역 효성해링턴플레이스,아파트,경기도 용인기흥구 마북동 651 용인 구성역 효성해링턴플레이스,경기도 용인시 기흥구 구성로53번길 20,20161123,6,296,303.0,0.0,303.0
용인시,기흥구,보정동,A10027771,샬레파인비스타 아파트,아파트,경기도 용인기흥구 보정동 1401 샬레파인비스타 아파트,경기도 용인시 기흥구 진산로 140,20151116,2,155,187.0,123.0,64.0
용인시,수지구,동천동,A44874405,동문그린,아파트,경기도 용인수지구 동천동 400-1 동문그린,경기도 용인시 수지구 고기로45번길 58,19981114,1,227,227.0,107.0,120.0
용인시,수지구,풍덕천동,A44876808,수지한성,아파트,경기도 용인수지구 풍덕천동 698-2 수지한성,경기도 용인시 수지구 문정로 55,19950328,10,774,356.0,356.0,0.0
용인시,수지구,상현동,A44813006,수지금호베스트빌5단지,아파트,경기도 용인수지구 상현동 867 수지금호베스트빌5단지,경기도 용인시 수지구 심곡로 16,20021204,11,890,1367.0,376.0,991.0
용인시,기흥구,상하동,A44677303,용인대우,아파트,경기도 용인기흥구 상하동 296 용인대우,경기도 용인시 기흥구 중부대로 735,19970509,4,432,325.0,142.0,183.0
용인시,기흥구,마북동,A44691210,교동마을신창아파트,아파트,경기도 용인기흥구 마북동 143 교동마을신창아파트,경기도 용인시 기흥구 마북로 186,19961223,4,490,297.0,73.0,224.0
용인시,기흥구,마북동,A44677101,마북e편한세상,아파트,경기도 용인기흥구 마북동 636 마북e편한세상,경기도 용인시 기흥구 마북로 210,20091001,8,404,584.0,40.0,544.0
용인시,기흥구,신갈동,A10026093,용인기흥 우방아이유쉘 아파트,아파트,경기도 용인기흥구 신갈동 407 용인기흥 우방아이유쉘 아파트,경기도 용인시 기흥구 신정로41번길 31,20180823,7,400,434.0,89.0,345.0
용인시,수지구,성복동,A10025987,성복역서희스타힐스,주상복합,경기도 용인수지구 성복동 168-10 성복역서희스타힐스,경기도 용인시 수지구 성복1로 80,20180921,2,174,210.0,0.0,210.0
용인시,수지구,성복동,A44898209,성복힐스테이트1차,아파트,경기도 용인수지구 성복동 771 성복힐스테이트1차,경기도 용인시 수지구 성복1로 91,20110701,12,645,1304.0,157.0,1147.0
용인시,수지구,성복동,A44853005,벽산첼시빌2,아파트,경기도 용인수지구 성복동 723 벽산첼시빌2,경기도 용인시 수지구 성복1로 107,20021031,14,951,2029.0,315.0,1714.0
용인시,기흥구,동백동,A44674909,백현마을서해그랑블,아파트,경기도 용인기흥구 동백동 579 백현마을서해그랑블,경기도 용인시 기흥구 동백8로 89,20060420,8,482,530.0,102.0,428.0
용인시,기흥구,동백동,A44672016,백현마을모아미래도1단지,아파트,경기도 용인기흥구 동백동 599 백현마을모아미래도1단지,경기도 용인시 기흥구 동백8로 90,20060227,10,838,1105.0,853.0,252.0
용인시,기흥구,동백동,A44674813,백현마을주공7단지,아파트,경기도 용인기흥구 동백동 581 백현마을주공7단지,경기도 용인시 기흥구 동백8로 103,20060323,6,561,572.0,237.0,335.0
용인시,기흥구,동백동,A44672003,백현마을모아미래도2단지,아파트,경기도 용인기흥구 동백동 593 백현마을모아미래도2단지,경기도 용인시 기흥구 동백8로 126,20060227,5,336,342.0,155.0,187.0
용인시,수지구,죽전동,A44816014,도담마을9단지죽전파크빌,아파트,경기도 용인수지구 죽전동 339 도담마을9단지죽전파크빌,경기도 용인시 수지구 정든로 22,19970614,5,561,440.0,200.0,240.0
용인시,수지구,상현동,A10027047,용인수지동도센트리움 아파트,도시형 생활주택(아파트),경기도 용인수지구 상현동 1203 용인수지동도센트리움 아파트,경기도 용인시 수지구 이현로 125,20170331,1,168,168.0,52.0,116.0
용인시,수지구,죽전동,A44897218,꽃메마을현대홈타운4차3단지,아파트,경기도 용인수지구 죽전동 1304 꽃메마을현대홈타운4차3단지,경기도 용인시 수지구 죽전로 87,20040629,11,770,788.0,691.0,97.0
용인시,수지구,죽전동,A44897402,꽃메마을한라프로방스,아파트,경기도 용인수지구 죽전동 1306 꽃메마을한라프로방스,경기도 용인시 수지구 죽전로 111,20040630,3,195,343.0,67.0,276.0
용인시,수지구,죽전동,A44897403,꽃메마을극동스타클래스,아파트,경기도 용인수지구 죽전동 1311 꽃메마을극동스타클래스,경기도 용인시 수지구 죽전로 116,20040630,3,196,334.0,51.0,283.0
용인시,수지구,죽전동,A44816011,꽃메마을아이파크2차,아파트,경기도 용인수지구 죽전동 1307 꽃메마을아이파크2차,경기도 용인시 수지구 죽전로 121,20040730,5,374,621.0,231.0,390.0
용인시,수지구,죽전동,A44895022,성현마을광명샤인빌,아파트,경기도 용인수지구 죽전동 1355 성현마을광명샤인빌,경기도 용인시 수지구 디지털벨리로 5,20050203,3,192,221.0,31.0,190.0
용인시,기흥구,상갈동,A44695607,금화마을주공6단지,아파트,경기도 용인기흥구 상갈동 480 금화마을주공6단지,경기도 용인시 기흥구 금화로11번길 9,20010907,3,228,237.0,84.0,153.0
용인시,기흥구,상갈동,A44695804,금화마을주공3단지,아파트,경기도 용인기흥구 상갈동 481 금화마을주공3단지,경기도 용인시 기흥구 금화로11번길 10,20011008,10,1070,1079.0,254.0,825.0
용인시,수지구,성복동,A44898203,버들치마을 경남아너스빌1차,아파트,경기도 용인수지구 성복동 753 버들치마을 경남아너스빌1차,경기도 용인시 수지구 성복1로 157,20070614,12,816,1213.0,349.0,864.0
용인시,수지구,성복동,A44898211,성복아이파크,아파트,경기도 용인수지구 성복동 780 성복아이파크,경기도 용인시 수지구 성복1로 222,20120717,7,351,491.0,58.0,433.0
용인시,수지구,성복동,A44898007,수지LG빌리지1차,아파트,경기도 용인수지구 성복동 155 수지LG빌리지1차,경기도 용인시 수지구 성복2로 86,20010219,17,1164,3277.0,635.0,2642.0
용인시,기흥구,동백동,A44674515,백현마을경남아너스빌,아파트,경기도 용인기흥구 동백동 583 백현마을경남아너스빌,경기도 용인시 기흥구 동백8로131번길 9,20061106,7,600,667.0,330.0,337.0
용인시,기흥구,동백동,A44691118,백현마을주공9단지,아파트,경기도 용인기흥구 동백동 584 백현마을주공9단지,경기도 용인시 기흥구 동백8로131번길 20,20060517,12,981,989.0,472.0,517.0
용인시,수지구,성복동,A44898207,버들치마을경남아너스빌2차,아파트,경기도 용인수지구 성복동 754 버들치마을경남아너스빌2차,경기도 용인시 수지구 성복1로163번길 11,20100331,5,214,329.0,32.0,297.0
용인시,수지구,성복동,A44898204,버들치마을힐스테이트2차,아파트,경기도 용인수지구 성복동 759 버들치마을힐스테이트2차,경기도 용인시 수지구 성복1로164번길 13,20100606,10,689,1447.0,141.0,1306.0
용인시,수지구,성복동,A44898205,성복자이1차,아파트,경기도 용인수지구 성복동 758 성복자이1차,경기도 용인시 수지구 성복1로164번길 20,20100603,12,719,1275.0,203.0,1072.0
용인시,수지구,죽전동,A44854215,성현마을우미2차,아파트,경기도 용인수지구 죽전동 1329 성현마을우미2차,경기도 용인시 수지구 죽전로 143,20041220,8,538,538.0,258.0,280.0
용인시,수지구,죽전동,A44816016,죽전현대1차,아파트,경기도 용인수지구 죽전동 89-1 죽전현대1차,경기도 용인시 수지구 죽전로 244,19990414,8,702,705.0,218.0,487.0
용인시,수지구,죽전동,A44853819,죽전건영캐스빌,아파트,경기도 용인수지구 죽전동 1182 죽전건영캐스빌,경기도 용인시 수지구 죽전로 267,20041125,19,1254,2035.0,259.0,1776.0
용인시,수지구,죽전동,A44816007,더리버하임,아파트,경기도 용인수지구 죽전동 454 더리버하임,경기도 용인시 수지구 대지로 19,19990227,3,336,345.0,176.0,169.0
용인시,수지구,죽전동,A44875107,수지한신,아파트,경기도 용인수지구 죽전동 453-1 수지한신,경기도 용인시 수지구 대지로 27,19980424,3,311,329.0,218.0,111.0
용인시,기흥구,중동,A44672417,참솔마을월드메르디앙,아파트,경기도 용인기흥구 중동 819 참솔마을월드메르디앙,경기도 용인시 기흥구 동백죽전대로 283,20060228,11,966,1172.0,90.0,1082.0
용인시,수지구,죽전동,A44816005,내대지마을주공5단지,아파트,경기도 용인수지구 죽전동 1367 내대지마을주공5단지,경기도 용인시 수지구 디지털벨리로 21,20060417,3,225,227.0,105.0,122.0
용인시,기흥구,서천동,A44670101,서그내마을서천아이파크,아파트,경기도 용인기흥구 서천동 708 서그내마을서천아이파크,경기도 용인시 기흥구 서그내로16번길 14,20090930,6,243,441.0,0.0,441.0
용인시,기흥구,서천동,A10026964,영통로 효성해링턴 플레이스 아파트,아파트,경기도 용인기흥구 서천동 828 영통로 효성해링턴 플레이스 아파트,경기도 용인시 기흥구 서그내로16번길 30,20170629,7,640,701.0,80.0,621.0
용인시,수지구,죽전동,A44854309,대지마을2차현대홈타운,아파트,경기도 용인수지구 죽전동 1110 대지마을2차현대홈타운,경기도 용인시 수지구 현암로 54,20010802,4,346,418.0,217.0,201.0
용인시,수지구,상현동,A44851511,광교상록자이,아파트,경기도 용인수지구 상현동 1134 광교상록자이,경기도 용인시 수지구 광교마을로 62,20120727,10,1035,1410.0,4.0,1406.0
용인시,수지구,상현동,A44813010,광교휴먼시아41단지,아파트,경기도 용인수지구 상현동 1135 광교휴먼시아41단지,경기도 용인시 수지구 광교마을로 90,20111116,9,1117,985.0,369.0,616.0
용인시,기흥구,공세동,A44679604,성원상떼레이크뷰,아파트,경기도 용인기흥구 공세동 692 성원상떼레이크뷰,경기도 용인시 기흥구 동탄기흥로 864,20100122,7,345,1035.0,98.0,937.0
용인시,수지구,신봉동,A44853607,동일하이빌2단지,아파트,경기도 용인수지구 신봉동 987 동일하이빌2단지,경기도 용인시 수지구 신봉3로11번길 10-7,20100622,8,232,434.0,0.0,434.0
용인시,수지구,신봉동,A44853609,동일하이빌4단지,아파트,경기도 용인수지구 신봉동 976 동일하이빌4단지,경기도 용인시 수지구 신봉3로12번길 9,20101004,13,636,1219.0,0.0,1219.0
용인시,수지구,풍덕천동,A10027717,래미안수지이스트파크,아파트,경기도 용인수지구 풍덕천동 1198 래미안수지이스트파크,경기도 용인시 수지구 신수로683번길 19,20151029,11,845,1074.0,0.0,1074.0
용인시,수지구,동천동,A44812002,보뜨랑마을벽산블루밍,아파트,경기도 용인수지구 동천동 912 보뜨랑마을벽산블루밍,경기도 용인시 수지구 신수로783번길 50,20041112,3,182,192.0,37.0,155.0
용인시,기흥구,공세동,A44695002,호수청구,아파트,경기도 용인기흥구 공세동 382-1 호수청구,경기도 용인시 기흥구 공세로 226,19971114,7,498,364.0,167.0,197.0
용인시,기흥구,고매동,A44673204,용인세원,아파트,경기도 용인기흥구 고매동 385-1 용인세원,경기도 용인시 기흥구 공세로 76,19930501,2,320,308.0,159.0,149.0
용인시,기흥구,마북동,A44677208,교동마을정광,아파트,경기도 용인기흥구 마북동 204-5 교동마을정광,경기도 용인시 기흥구 마북로154번길 16,19971103,6,478,490.0,249.0,241.0
용인시,수지구,풍덕천동,A44817101,수지건영,아파트,경기도 용인수지구 풍덕천동 694 수지건영,경기도 용인시 수지구 수풍로23번길 25,19950224,3,190,195.0,111.0,84.0
용인시,수지구,신봉동,A44853606,신봉센트레빌1단지,아파트,경기도 용인수지구 신봉동 959 신봉센트레빌1단지,경기도 용인시 수지구 신봉1로172번길 8,20100503,5,298,267.0,5.0,262.0
용인시,기흥구,서천동,A10026701,용인서천효성해링턴플레이스,아파트,경기도 용인기흥구 서천동 834 용인서천효성해링턴플레이스,경기도 용인시 기흥구 서그내로 31,20171101,7,458,541.0,0.0,541.0
용인시,수지구,상현동,A44851707,만현마을1단지롯데캐슬,아파트,경기도 용인수지구 상현동 859 만현마을1단지롯데캐슬,경기도 용인시 수지구 만현로 25,20020918,12,992,1562.0,555.0,1007.0
용인시,기흥구,상하동,A44691401,지석마을진흥더루벤스1단지,아파트,경기도 용인기흥구 상하동 659 지석마을진흥더루벤스1단지,경기도 용인시 기흥구 중부대로746번길 20,20081231,4,200,460.0,53.0,407.0
용인시,기흥구,상하동,A44691407,지석마을진흥더루벤스2차,아파트,경기도 용인기흥구 상하동 660 지석마을진흥더루벤스2차,경기도 용인시 기흥구 중부대로746번길 21,20081231,13,851,1320.0,73.0,1247.0
용인시,기흥구,상갈동,A44695803,금화마을주공4단지,아파트,경기도 용인기흥구 상갈동 463 금화마을주공4단지,경기도 용인시 기흥구 금화로58번길 10,20011012,8,742,751.0,111.0,640.0
용인시,기흥구,상갈동,A44695601,금화마을대우현대,아파트,경기도 용인기흥구 상갈동 461 금화마을대우현대,경기도 용인시 기흥구 금화로82번길 14,20010620,12,664,948.0,381.0,567.0
용인시,기흥구,상갈동,A44695802,금화마을주공5단지,아파트,경기도 용인기흥구 상갈동 454 금화마을주공5단지,경기도 용인시 기흥구 금화로82번길 17,20011016,10,681,681.0,166.0,515.0
용인시,기흥구,영덕동,A44674004,청현마을 두진,아파트,경기도 용인기흥구 영덕동 13 청현마을 두진,경기도 용인시 기흥구 덕영대로2077번길 8,19961108,4,541,376.0,227.0,149.0
용인시,기흥구,영덕동,A44674105,영덕신일,아파트,경기도 용인기흥구 영덕동 14-11 영덕신일,경기도 용인시 기흥구 덕영대로2077번길 20,19981212,11,901,919.0,432.0,487.0
용인시,기흥구,영덕동,A44659101,청현마을기흥데시앙,아파트,경기도 용인기흥구 영덕동 947 청현마을기흥데시앙,경기도 용인시 기흥구 덕영대로2077번길 53,20050106,7,400,405.0,160.0,245.0
용인시,기흥구,영덕동,A44659102,대명레이크빌,아파트,경기도 용인기흥구 영덕동 946 대명레이크빌,경기도 용인시 기흥구 덕영대로2077번길 55,20050107,7,401,411.0,137.0,274.0
용인시,기흥구,공세동,A44679601,탑실마을대주피오레1단지,아파트,경기도 용인기흥구 공세동 694 탑실마을대주피오레1단지,경기도 용인시 기흥구 탑실로 15,20090526,9,710,1432.0,0.0,1432.0
용인시,기흥구,공세동,A44679602,공세대주피오레2단지,아파트,경기도 용인기흥구 공세동 714 공세대주피오레2단지,경기도 용인시 기흥구 탑실로 152,20090731,15,1290,2926.0,0.0,2926.0
용인시,기흥구,서천동,A44670104,서천마을쌍용예가,아파트,경기도 용인기흥구 서천동 823 서천마을쌍용예가,경기도 용인시 기흥구 서천동로 60,20121217,11,556,599.0,508.0,91.0
용인시,수지구,상현동,A44852405,성복역 아이파크,아파트,경기도 용인수지구 상현동 857 성복역 아이파크,경기도 용인시 수지구 상현로 142,20020718,11,584,703.0,110.0,593.0
용인시,기흥구,중동,A44675411,성산마을서해그랑블,아파트,경기도 용인기흥구 중동 860 성산마을서해그랑블,경기도 용인시 기흥구 동백4로 26,20060427,10,564,1053.0,183.0,870.0
용인시,기흥구,중동,A44675001,어은목마을한라비발디3단지,아파트,경기도 용인기흥구 중동 956 어은목마을한라비발디3단지,경기도 용인시 기흥구 동백4로 72,20060227,4,248,456.0,95.0,361.0
용인시,기흥구,중동,A44674613,성산마을신영지웰,아파트,경기도 용인기흥구 중동 870 성산마을신영지웰,경기도 용인시 기흥구 동백5로 41,20060831,10,590,979.0,200.0,779.0
용인시,기흥구,중동,A44679103,백현마을상록롯데캐슬,아파트,경기도 용인기흥구 중동 878 백현마을상록롯데캐슬,경기도 용인시 기흥구 동백5로 79,20070206,4,295,427.0,137.0,290.0
용인시,수지구,상현동,A10026933,광교레이크포레아파트,아파트,경기도 용인수지구 상현동 1204 광교레이크포레아파트,경기도 용인시 수지구 광교호수로 431,20170623,3,235,268.0,9.0,259.0
용인시,기흥구,구갈동,A44673401,구갈우림,아파트,경기도 용인기흥구 구갈동 404-2 구갈우림,경기도 용인시 기흥구 신구로42번길 15,19960429,1,150,106.0,49.0,57.0
용인시,기흥구,구갈동,A44673402,풍림고층,아파트,경기도 용인기흥구 구갈동 405-1 풍림고층,경기도 용인시 기흥구 신구로42번길 22,19960727,1,180,121.0,71.0,50.0
용인시,수지구,죽전동,A44854110,꽃메마을한라신영프로방스,아파트,경기도 용인수지구 죽전동 1302 꽃메마을한라신영프로방스,경기도 용인시 수지구 죽전로27번길 14-30,20040630,5,388,661.0,60.0,601.0
용인시,수지구,죽전동,A44879317,죽전주공8단지,아파트,경기도 용인수지구 죽전동 1279 죽전주공8단지,경기도 용인시 수지구 죽전로27번길 60,20050805,7,643,641.0,317.0,324.0
용인시,기흥구,고매동,A44673103,기흥써니밸리,아파트,경기도 용인기흥구 고매동 883 기흥써니밸리,경기도 용인시 기흥구 고매로 16,20091231,4,171,193.0,0.0,193.0
용인시,기흥구,고매동,A44673102,기흥동성,아파트,경기도 용인기흥구 고매동 359 기흥동성,경기도 용인시 기흥구 고매로 26,19970109,2,216,217.0,139.0,78.0
용인시,수지구,성복동,A44898202,푸른마을푸르지오,아파트,경기도 용인수지구 성복동 741 푸른마을푸르지오,경기도 용인시 수지구 성복2로76번길 31,20041022,9,430,866.0,95.0,771.0
용인시,수지구,성복동,A10026460,수지 성복 효성해링턴코트,아파트,경기도 용인수지구 성복동 558-31 수지 성복 효성해링턴코트,경기도 용인시 수지구 성복1로281번길 20,20180228,16,236,310.0,217.0,93.0
용인시,기흥구,동백동,A44674712,호수마을서해그랑블,아파트,경기도 용인기흥구 동백동 656 호수마을서해그랑블,경기도 용인시 기흥구 동백7로 56,20060420,9,536,594.0,155.0,439.0
용인시,기흥구,영덕동,A44690806,휴먼시아흥덕마을1단지,아파트,경기도 용인기흥구 영덕동 980 휴먼시아흥덕마을1단지,경기도 용인시 기흥구 흥덕1로79번길 9,20090206,15,1254,1016.0,502.0,514.0
용인시,기흥구,영덕동,A44678710,호반써밋 레이크파크,아파트,경기도 용인기흥구 영덕동 976 호반써밋 레이크파크,경기도 용인시 기흥구 흥덕1로79번길 37,20091105,8,527,587.0,30.0,557.0
용인시,기흥구,영덕동,A44678703,광교레이크스위첸,아파트,경기도 용인기흥구 영덕동 971 광교레이크스위첸,경기도 용인시 기흥구 흥덕2로117번길 14,20090813,9,502,560.0,14.0,546.0
용인시,기흥구,영덕동,A44678713,용인흥덕아델리움8단지,아파트,경기도 용인기흥구 영덕동 961 용인흥덕아델리움8단지,경기도 용인시 기흥구 흥덕2로118번길 25,20100806,7,474,523.0,0.0,523.0
용인시,기흥구,영덕동,A44678702,흥덕우미린레이크포레,아파트,경기도 용인기흥구 영덕동 963 흥덕우미린레이크포레,경기도 용인시 기흥구 흥덕2로118번길 26,20090514,6,486,617.0,14.0,603.0
용인시,기흥구,신갈동,A44659508,원대마을한신아파트,아파트,경기도 용인기흥구 신갈동 17-15 원대마을한신아파트,경기도 용인시 기흥구 신갈로 102,20020831,6,367,483.0,164.0,319.0
용인시,기흥구,농서동,A44671101,서천마을휴먼시아3단지,아파트,경기도 용인기흥구 농서동 395 서천마을휴먼시아3단지,경기도 용인시 기흥구 서천서로 125,20110517,10,980,841.0,381.0,460.0
용인시,기흥구,서천동,A44670103,센트럴파크원,아파트,경기도 용인기흥구 서천동 736 센트럴파크원,경기도 용인시 기흥구 서천서로 27,20121217,14,826,880.0,177.0,703.0
용인시,기흥구,신갈동,A44658609,새천년그린빌주공1단지,아파트,경기도 용인기흥구 신갈동 681 새천년그린빌주공1단지,경기도 용인시 기흥구 새천년로 13,20060315,7,414,430.0,198.0,232.0
용인시,기흥구,신갈동,A44658601,새천년그린빌주공2단지,아파트,경기도 용인기흥구 신갈동 682 새천년그린빌주공2단지,경기도 용인시 기흥구 새천년로 27,20040617,4,238,242.0,135.0,107.0
용인시,기흥구,신갈동,A44658715,파크시엘아파트,아파트,경기도 용인기흥구 신갈동 703 파크시엘아파트,경기도 용인시 기흥구 새천년로 40,20040716,14,923,947.0,328.0,619.0
용인시,기흥구,신갈동,A44658913,양현마을신안풍림,아파트,경기도 용인기흥구 신갈동 158 양현마을신안풍림,경기도 용인시 기흥구 산양로 17,20010523,14,776,788.0,282.0,506.0
용인시,기흥구,청덕동,A44657505,물푸레마을휴먼시아1단지,아파트,경기도 용인기흥구 청덕동 513 물푸레마을휴먼시아1단지,경기도 용인시 기흥구 구성2로 52,20080716,8,618,545.0,201.0,344.0
용인시,기흥구,청덕동,A44691506,물푸레마을휴먼시아2단지,아파트,경기도 용인기흥구 청덕동 506 물푸레마을휴먼시아2단지,경기도 용인시 기흥구 구성3로 37,20080603,6,389,343.0,151.0,192.0
용인시,기흥구,청덕동,A44657504,물푸레마을휴먼시아5단지,아파트,경기도 용인기흥구 청덕동 503 물푸레마을휴먼시아5단지,경기도 용인시 기흥구 구성3로 38,20080603,11,712,658.0,259.0,399.0
용인시,기흥구,보정동,A44679308,연원마을삼성명가타운,아파트,경기도 용인기흥구 보정동 1177 연원마을삼성명가타운,경기도 용인시 기흥구 용구대로 2460,20021213,11,424,516.0,109.0,407.0
용인시,기흥구,마북동,A44656211,교동마을현대홈타운,아파트,경기도 용인기흥구 마북동 630 교동마을현대홈타운,경기도 용인시 기흥구 마북로 124-9,20030801,14,795,1503.0,217.0,1286.0
용인시,기흥구,구갈동,A44658010,강남마을코오롱하늘채,아파트,경기도 용인기흥구 구갈동 597 강남마을코오롱하늘채,경기도 용인시 기흥구 강남동로 20,20040924,6,530,640.0,284.0,356.0
용인시,기흥구,구갈동,A44658008,"강남마을자연앤4,6단지",아파트,"경기도 용인기흥구 구갈동 600 강남마을자연앤4,6단지",경기도 용인시 기흥구 강남동로 43,20040805,10,781,1101.0,417.0,684.0
용인시,기흥구,구갈동,A44657809,구갈강남마을 계룡리슈빌,아파트,경기도 용인기흥구 구갈동 604 구갈강남마을 계룡리슈빌,경기도 용인시 기흥구 강남동로 54,20040625,7,528,555.0,71.0,484.0
용인시,기흥구,상하동,A44671901,용인구갈8,아파트,경기도 용인기흥구 상하동 636 용인구갈8,경기도 용인시 기흥구 강남동로 92,20040528,13,1176,971.0,539.0,432.0
용인시,기흥구,상하동,A44658108,강남마을9단지한라비발디,아파트,경기도 용인기흥구 상하동 630 강남마을9단지한라비발디,경기도 용인시 기흥구 강남동로 128,20040525,8,890,1040.0,392.0,648.0
용인시,기흥구,영덕동,A44678711,동원로얄듀크,아파트,경기도 용인기흥구 영덕동 958 동원로얄듀크,경기도 용인시 기흥구 흥덕중앙로105번길 24,20100729,9,720,961.0,12.0,949.0
용인시,기흥구,영덕동,A44678701,흥덕우남퍼스트빌리젠트,연립주택,경기도 용인기흥구 영덕동 953 흥덕우남퍼스트빌리젠트,경기도 용인시 기흥구 흥덕중앙로105번길 40,20090424,7,153,482.0,0.0,482.0
용인시,기흥구,영덕동,A44678706,흥덕11단지경남아너스빌,아파트,경기도 용인기흥구 영덕동 952 흥덕11단지경남아너스빌,경기도 용인시 기흥구 흥덕중앙로105번길 41,20090428,10,545,1075.0,106.0,969.0
용인시,기흥구,동백동,A44672805,백현마을코아루,아파트,경기도 용인기흥구 동백동 661 백현마을코아루,경기도 용인시 기흥구 동백7로 80,20060329,6,414,575.0,53.0,522.0
용인시,기흥구,동백동,A44672102,백현마을한라비발디2단지,아파트,경기도 용인기흥구 동백동 662 백현마을한라비발디2단지,경기도 용인시 기흥구 동백7로 96,20060227,5,304,422.0,100.0,322.0
용인시,기흥구,동백동,A44672104,백현마을한라비발디1단지,아파트,경기도 용인기흥구 동백동 596 백현마을한라비발디1단지,경기도 용인시 기흥구 동백7로 97,20060227,6,342,377.0,111.0,266.0
용인시,기흥구,동백동,A44691106,호수마을자연앤데시앙,아파트,경기도 용인기흥구 동백동 572 호수마을자연앤데시앙,경기도 용인시 기흥구 동백8로 9,20060818,7,432,486.0,188.0,298.0
용인시,기흥구,동백동,A44691101,호수마을월드메르디앙,아파트,경기도 용인기흥구 동백동 574 호수마을월드메르디앙,경기도 용인시 기흥구 동백8로 19,20060623,6,286,320.0,77.0,243.0
용인시,기흥구,동백동,A44674410,휴먼시아5단지,아파트,경기도 용인기흥구 동백동 575 휴먼시아5단지,경기도 용인시 기흥구 동백8로 27,20061106,6,488,547.0,244.0,303.0
용인시,기흥구,동백동,A44691117,호수마을주공3단지,아파트,경기도 용인기흥구 동백동 602 호수마을주공3단지,경기도 용인시 기흥구 동백8로 64,20060530,10,898,909.0,441.0,468.0
용인시,수지구,성복동,A44898103,엘지빌리지2차,아파트,경기도 용인수지구 성복동 90 엘지빌리지2차,경기도 용인시 수지구 수지로113번길 15,20010303,8,758,1530.0,406.0,1124.0
용인시,수지구,성복동,A44898201,수지강남빌리지,아파트,경기도 용인수지구 성복동 84 수지강남빌리지,경기도 용인시 수지구 수지로113번길 16,20010219,8,428,735.0,220.0,515.0
용인시,기흥구,마북동,A44656209,교동마을현대,아파트,경기도 용인기흥구 마북동 625 교동마을현대,경기도 용인시 기흥구 마북로 139,20020102,10,486,868.0,174.0,694.0
용인시,기흥구,마북동,A44677103,교동마을동양파라곤,아파트,경기도 용인기흥구 마북동 641 교동마을동양파라곤,경기도 용인시 기흥구 마북로 140,20101026,8,278,498.0,0.0,498.0
용인시,기흥구,보라동,A44690406,한보라 더힐,아파트,경기도 용인기흥구 보라동 620 한보라 더힐,경기도 용인시 기흥구 한보라1로 91,20080417,11,762,837.0,337.0,500.0
용인시,기흥구,보정동,A44656607,신촌마을포스홈타운2단지,아파트,경기도 용인기흥구 보정동 1298 신촌마을포스홈타운2단지,경기도 용인시 기흥구 신촌로47번길 11,20040930,8,423,806.0,250.0,556.0
용인시,기흥구,상하동,A44691704,수원동마을쌍용스윗닷홈2단지,아파트,경기도 용인기흥구 상하동 652 수원동마을쌍용스윗닷홈2단지,경기도 용인시 기흥구 중부대로788번길 15,20041123,7,465,620.0,244.0,376.0
용인시,기흥구,상하동,A44694209,수원동마을쌍용아파트,아파트,경기도 용인기흥구 상하동 621 수원동마을쌍용아파트,경기도 용인시 기흥구 중부대로788번길 22,20020530,18,1342,1883.0,543.0,1340.0
용인시,수지구,죽전동,A44875506,벽산타운3단지,아파트,경기도 용인수지구 죽전동 855 벽산타운3단지,경기도 용인시 수지구 용구대로2801번길 16,19970924,5,425,355.0,135.0,220.0
용인시,수지구,죽전동,A44875508,벽산,아파트,경기도 용인수지구 죽전동 952 벽산,경기도 용인시 수지구 용구대로2801번길 41,19990317,3,465,519.0,271.0,248.0
용인시,수지구,성복동,A44853108,성동마을 엘지빌리지3차,아파트,경기도 용인수지구 성복동 726 성동마을 엘지빌리지3차,경기도 용인시 수지구 성복2로 126,20020828,15,1234,3018.0,504.0,2514.0
용인시,수지구,성복동,A44853206,성동마을엘지빌리지6차,아파트,경기도 용인수지구 성복동 731 성동마을엘지빌리지6차,경기도 용인시 수지구 성복2로 158,20030326,14,956,2064.0,381.0,1683.0
용인시,수지구,성복동,A44814002,수지자이아파트,아파트,경기도 용인수지구 성복동 752 수지자이아파트,경기도 용인시 수지구 성복2로 174,20060530,12,680,1298.0,326.0,972.0
용인시,수지구,성복동,A44898208,성복센트럴자이아파트,아파트,경기도 용인수지구 성복동 762 성복센트럴자이아파트,경기도 용인시 수지구 성복2로 184,20100927,10,500,967.0,98.0,869.0
용인시,기흥구,청덕동,A44691505,구성휴먼시아물푸레마을휴먼시아3단지,아파트,경기도 용인기흥구 청덕동 488 구성휴먼시아물푸레마을휴먼시아3단지,경기도 용인시 기흥구 구성3로 65,20081007,35,988,1075.0,443.0,632.0
용인시,수지구,상현동,A44851612,상현엘지자이,아파트,경기도 용인수지구 상현동 869 상현엘지자이,경기도 용인시 수지구 만현로133번길 33,20030627,12,1034,1406.0,453.0,953.0
용인시,수지구,상현동,A44852602,만현마을2단지현대아이파크,아파트,경기도 용인수지구 상현동 856 만현마을2단지현대아이파크,경기도 용인시 수지구 만현로67번길 9,20020430,5,404,743.0,440.0,303.0
용인시,수지구,상현동,A44813003,만현마을3단지성원상떼빌,아파트,경기도 용인수지구 상현동 864 만현마을3단지성원상떼빌,경기도 용인시 수지구 만현로67번길 19,20020830,8,554,681.0,226.0,455.0
용인시,수지구,죽전동,A44816101,진흥더블파크,아파트,경기도 용인수지구 죽전동 1381 진흥더블파크,경기도 용인시 수지구 죽전로254번길 29,20040630,4,160,274.0,89.0,185.0
용인시,수지구,신봉동,A44815011,엘지자이1차,아파트,경기도 용인수지구 신봉동 873 엘지자이1차,경기도 용인시 수지구 신봉2로 26,20040217,24,1990,3106.0,91.0,3015.0
용인시,수지구,신봉동,A10027904,웰스톤시티,도시형 생활주택(아파트),경기도 용인수지구 신봉동 925 웰스톤시티,경기도 용인시 수지구 신봉2로 60,20150424,4,265,201.0,0.0,201.0
용인시,수지구,신봉동,A44815010,엘지신봉자이2차,아파트,경기도 용인수지구 신봉동 911 엘지신봉자이2차,경기도 용인시 수지구 신봉2로 72,20050824,22,1626,2589.0,173.0,2416.0
용인시,수지구,신봉동,A10027893,광교산자이아파트,아파트,경기도 용인수지구 신봉동 796-1 광교산자이아파트,경기도 용인시 수지구 신봉2로 93,20150427,7,445,581.0,0.0,581.0
용인시,기흥구,중동,A44657406,어정마을서희삼정,아파트,경기도 용인기흥구 중동 817 어정마을서희삼정,경기도 용인시 기흥구 언동로 193-26,20030517,6,390,476.0,139.0,337.0
용인시,기흥구,중동,A10027209,신동백동도센트리움,아파트,경기도 용인기흥구 중동 1140 신동백동도센트리움,경기도 용인시 기흥구 언동로 207,20161214,2,254,181.0,80.0,101.0
용인시,기흥구,신갈동,A44673805,드림랜드,아파트,경기도 용인기흥구 신갈동 116-2 드림랜드,경기도 용인시 기흥구 용구대로2152번길 39,19920805,2,299,220.0,220.0,0.0
용인시,기흥구,마북동,A44655902,용화마을태영데시앙,아파트,경기도 용인기흥구 마북동 619 용화마을태영데시앙,경기도 용인시 기흥구 구성로 44-10,20031014,7,321,388.0,145.0,243.0
용인시,기흥구,청덕동,A44691504,물푸레마을휴먼시아9단지,아파트,경기도 용인기흥구 청덕동 569 물푸레마을휴먼시아9단지,경기도 용인시 기흥구 구성로 392,20080911,13,948,831.0,335.0,496.0
용인시,기흥구,청덕동,A44657507,물푸레마을휴먼시아7단지,아파트,경기도 용인기흥구 청덕동 565 물푸레마을휴먼시아7단지,경기도 용인시 기흥구 구성로 395,20090727,6,398,436.0,87.0,349.0
용인시,기흥구,청덕동,A44691502,호반베르디움,아파트,경기도 용인기흥구 청덕동 567 호반베르디움,경기도 용인시 기흥구 구성로 411,20080626,7,308,544.0,47.0,497.0
용인시,기흥구,청덕동,A44691501,물푸레마을경남아너스빌,아파트,경기도 용인기흥구 청덕동 497 물푸레마을경남아너스빌,경기도 용인시 기흥구 구성로 470,20080618,4,240,431.0,132.0,299.0
용인시,기흥구,청덕동,A44657506,구성더포레스트,아파트,경기도 용인기흥구 청덕동 499 구성더포레스트,경기도 용인시 기흥구 구성로 475,20090727,6,367,403.0,81.0,322.0
용인시,기흥구,마북동,A44693605,연원마을엘지,아파트,경기도 용인기흥구 마북동 526-3 연원마을엘지,경기도 용인시 기흥구 연원로 5,19991229,7,396,526.0,114.0,412.0
용인시,수지구,상현동,A44813005,벽산블루밍,아파트,경기도 용인수지구 상현동 99 벽산블루밍,경기도 용인시 수지구 수지로 68,19980831,8,631,645.0,142.0,503.0
용인시,수지구,상현동,A44851510,광교힐스테이트,아파트,경기도 용인수지구 상현동 1099 광교힐스테이트,경기도 용인시 수지구 수지로 75,20091029,16,860,1679.0,145.0,1534.0
용인시,수지구,풍덕천동,A44876205,삼성1차,아파트,경기도 용인수지구 풍덕천동 693 삼성1차,경기도 용인시 수지구 수풍로 13,19941220,6,576,688.0,366.0,322.0
용인시,수지구,풍덕천동,A44876107,수지보원아파트,아파트,경기도 용인수지구 풍덕천동 692 수지보원아파트,경기도 용인시 수지구 수풍로 16,19941222,5,619,440.0,220.0,220.0
용인시,수지구,풍덕천동,A44876303,수지2차삼성,아파트,경기도 용인수지구 풍덕천동 692-1 수지2차삼성,경기도 용인시 수지구 수풍로 38,19951206,5,420,300.0,20.0,280.0
용인시,수지구,풍덕천동,A44817001,수지동문,아파트,경기도 용인수지구 풍덕천동 690 수지동문,경기도 용인시 수지구 수풍로 47,19941220,5,368,379.0,282.0,97.0
용인시,수지구,풍덕천동,A44876411,수지4차삼성,아파트,경기도 용인수지구 풍덕천동 663-1 수지4차삼성,경기도 용인시 수지구 수풍로 90,19941220,9,1137,710.0,710.0,0.0
용인시,수지구,풍덕천동,A44817004,수지 진산마을 푸르지오,아파트,경기도 용인수지구 풍덕천동 1191 수지 진산마을 푸르지오,경기도 용인시 수지구 진산로34번길 24,20120727,6,438,525.0,12.0,513.0
용인시,수지구,풍덕천동,A44817003,진산마을삼성래미안7차,아파트,경기도 용인수지구 풍덕천동 1180 진산마을삼성래미안7차,경기도 용인시 수지구 진산로34번길 29,20021109,12,501,1280.0,79.0,1201.0
용인시,처인구,김량장동,A44902003,용인삼환나우빌아파트,아파트,경기도 용인처인구 김량장동 516 용인삼환나우빌아파트,경기도 용인시 처인구 중부대로 1348,20080808,10,458,564.0,109.0,455.0
용인시,처인구,양지리,A44982301,양지마을신원아침도시,아파트,경기도 용인처인구 양지면 양지리 907 양지마을신원아침도시,경기도 용인시 처인구 교동로 1,20070824,3,156,160.0,59.0,101.0
용인시,기흥구,상하동,A44656806,신일유토빌,아파트,경기도 용인기흥구 상하동 656 신일유토빌,경기도 용인시 기흥구 어정로 62-7,20041208,11,510,738.0,153.0,585.0
용인시,기흥구,상하동,A44671902,지석마을그대가크레던스,아파트,경기도 용인기흥구 상하동 675 지석마을그대가크레던스,경기도 용인시 기흥구 어정로 62-28,20101001,8,554,1011.0,22.0,989.0
용인시,기흥구,상하동,A44677505,초록마을 풍림아파트,아파트,경기도 용인기흥구 상하동 447 초록마을 풍림아파트,경기도 용인시 기흥구 어정로 80,19981114,6,469,469.0,211.0,258.0
용인시,기흥구,신갈동,A10026407,삼익리베리움,도시형 생활주택(아파트),경기도 용인기흥구 신갈동 71-35 삼익리베리움,경기도 용인시 기흥구 갈천로7번길 47,20170608,1,171,103.0,19.0,84.0
용인시,수지구,죽전동,A44816012,성현마을죽전주공3단지,아파트,경기도 용인수지구 죽전동 1233 성현마을죽전주공3단지,경기도 용인시 수지구 죽전로193번길 11,20050720,6,388,392.0,184.0,208.0
용인시,수지구,죽전동,A44854016,성현마을반도유보라,아파트,경기도 용인수지구 죽전동 1235 성현마을반도유보라,경기도 용인시 수지구 죽전로193번길 35,20040630,8,637,1087.0,353.0,734.0
용인시,수지구,풍덕천동,A44878510,진산마을삼성5차아파트,아파트,경기도 용인수지구 풍덕천동 1167 진산마을삼성5차아파트,경기도 용인시 수지구 진산로66번길 10,20030728,26,1828,2644.0,709.0,1935.0
용인시,기흥구,언남동,A44657001,하마비마을동부센트레빌,아파트,경기도 용인기흥구 언남동 493 하마비마을동부센트레빌,경기도 용인시 기흥구 구성로 97,20020131,7,418,688.0,13.0,675.0
용인시,기흥구,언남동,A44657106,동일하이빌1차,아파트,경기도 용인기흥구 언남동 486 동일하이빌1차,경기도 용인시 기흥구 구성로 105-15,20010921,21,999,1654.0,0.0,1654.0
용인시,기흥구,언남동,A44677702,언남동부,아파트,경기도 용인기흥구 언남동 240-1 언남동부,경기도 용인시 기흥구 구성로 123,19981203,5,446,464.0,258.0,206.0
용인시,수지구,신봉동,A44815008,엘지빌리지5차B단지,아파트,경기도 용인수지구 신봉동 871 엘지빌리지5차B단지,경기도 용인시 수지구 신봉1로 110,20020831,8,556,1235.0,302.0,933.0
용인시,수지구,신봉동,A44815007,엘지빌리지5차A단지,아파트,경기도 용인수지구 신봉동 870 엘지빌리지5차A단지,경기도 용인시 수지구 신봉1로 112-2,20020831,8,532,1199.0,245.0,954.0
용인시,수지구,신봉동,A44853610,동부센트레빌5단지,아파트,경기도 용인수지구 신봉동 949 동부센트레빌5단지,경기도 용인시 수지구 신봉1로 214,20100924,8,490,904.0,0.0,904.0
용인시,수지구,신봉동,A44853611,신봉동부센트레빌6단지아파트,아파트,경기도 용인수지구 신봉동 6 신봉동부센트레빌6단지아파트,경기도 용인시 수지구 신봉1로 216,20100924,8,450,840.0,0.0,840.0
용인시,수지구,동천동,A44851005,래미안이스트팰리스2단지,아파트,경기도 용인수지구 동천동 938 래미안이스트팰리스2단지,경기도 용인시 수지구 동천로113번길 10,20100531,8,428,787.0,40.0,747.0
용인시,기흥구,중동,A44670701,신동백롯데캐슬에코2단지,아파트,경기도 용인기흥구 중동 1101 신동백롯데캐슬에코2단지,경기도 용인시 기흥구 동백죽전대로527번길 67,20130620,9,868,1294.0,8.0,1286.0
용인시,기흥구,중동,A44675301,신동백롯데캐슬에코1단지,아파트,경기도 용인기흥구 중동 1096 신동백롯데캐슬에코1단지,경기도 용인시 기흥구 동백죽전대로527번길 80,20130620,17,1902,2769.0,0.0,2769.0
용인시,기흥구,중동,A44675302,신동백서해그랑블1차,아파트,경기도 용인기흥구 중동 1102 신동백서해그랑블1차,경기도 용인시 기흥구 동백죽전대로527번길 81,20130726,5,236,365.0,0.0,365.0
용인시,처인구,마평동,A44904005,용인마평,아파트,경기도 용인처인구 마평동 956 용인마평,경기도 용인시 처인구 고림로 22,20040924,7,639,518.0,297.0,221.0
용인시,기흥구,서천동,A44670102,서천마을2단지,아파트,경기도 용인기흥구 서천동 743 서천마을2단지,경기도 용인시 기흥구 서천로128번길 12,20110614,8,663,569.0,268.0,301.0
용인시,처인구,영문리,A44978603,배머루베네치아,아파트,경기도 용인처인구 포곡읍 영문리 555 배머루베네치아,경기도 용인시 처인구 영문로 64,20020305,5,347,422.0,104.0,318.0
용인시,수지구,동천동,A44851206,신명스카이뷰,아파트,경기도 용인수지구 동천동 870 신명스카이뷰,경기도 용인시 수지구 손곡로 53,20040117,4,262,262.0,62.0,200.0
용인시,수지구,동천동,A44812009,수진마을2단지,아파트,경기도 용인수지구 동천동 868 수진마을2단지,경기도 용인시 수지구 손곡로 54,20040110,6,344,549.0,213.0,336.0
용인시,수지구,동천동,A44851210,수진마을우미이노스빌,아파트,경기도 용인수지구 동천동 869 수진마을우미이노스빌,경기도 용인시 수지구 손곡로 67,20040120,6,396,400.0,107.0,293.0
용인시,수지구,동천동,A44851412,수진마을써니벨리,아파트,경기도 용인수지구 동천동 864 수진마을써니벨리,경기도 용인시 수지구 손곡로 82,20040126,7,627,750.0,194.0,556.0
용인시,수지구,풍덕천동,A44855005,수지태영데시앙1차,아파트,경기도 용인수지구 풍덕천동 1183 수지태영데시앙1차,경기도 용인시 수지구 수지로 166,20040423,9,648,661.0,128.0,533.0
용인시,수지구,풍덕천동,A44878406,동부1차,아파트,경기도 용인수지구 풍덕천동 691 동부1차,경기도 용인시 수지구 수지로 323,19950731,6,612,442.0,442.0,0.0
용인시,수지구,동천동,A44851111,동천마을현대1차홈타운,아파트,경기도 용인수지구 동천동 859 동천마을현대1차홈타운,경기도 용인시 수지구 수지로 487,20020429,7,466,472.0,195.0,277.0
용인시,기흥구,언남동,A44691003,구성신일해피트리,아파트,경기도 용인기흥구 언남동 490 구성신일해피트리,경기도 용인시 기흥구 구성로 184,20011212,10,591,713.0,271.0,442.0
용인시,수지구,동천동,A44851007,래미안이스트팰리스4단지,아파트,경기도 용인수지구 동천동 923 래미안이스트팰리스4단지,경기도 용인시 수지구 동천로153번길 6,20100531,19,620,1352.0,13.0,1339.0
용인시,수지구,동천동,A44851006,래미안이스트팰리스1단지,아파트,경기도 용인수지구 동천동 935 래미안이스트팰리스1단지,경기도 용인시 수지구 동천로153번길 7,20100531,7,460,948.0,40.0,908.0
용인시,수지구,동천동,A10025376,동천 파크 자이 아파트 ,아파트,경기도 용인수지구 동천동 930 동천 파크 자이 아파트 ,경기도 용인시 수지구 동천로153번길 79,20190729,6,388,475.0,0.0,475.0
용인시,수지구,동천동,A10026122,동천더샵파크사이드,아파트,경기도 용인수지구 동천동 917 동천더샵파크사이드,경기도 용인시 수지구 동천로178번길 4,20180806,5,330,377.0,0.0,377.0
용인시,처인구,마평동,A44992902,마평라이프,아파트,경기도 용인처인구 마평동 605-1 마평라이프,경기도 용인시 처인구 동부로 7,19930611,2,290,217.0,100.0,117.0
용인시,수지구,상현동,A10026428,포레나광교상현,아파트,경기도 용인수지구 상현동 1206 포레나광교상현,경기도 용인시 수지구 수지로 17,20180227,8,639,766.0,9.0,757.0
용인시,수지구,상현동,A44852804,광교현대프레미오,아파트,경기도 용인수지구 상현동 168-1 광교현대프레미오,경기도 용인시 수지구 수지로 41,20010212,3,300,671.0,175.0,496.0
용인시,기흥구,신갈동,A44696104,신갈삼익,아파트,경기도 용인기흥구 신갈동 14 신갈삼익,경기도 용인시 기흥구 신갈로124번길 3,19990218,2,296,228.0,112.0,116.0
용인시,기흥구,지곡동,A44659201,자봉마을써니밸리,아파트,경기도 용인기흥구 지곡동 704 자봉마을써니밸리,경기도 용인시 기흥구 사은로 274-22,20041105,14,1092,1371.0,268.0,1103.0
용인시,처인구,역북동,A44972203,역북마을신성,아파트,경기도 용인처인구 역북동 721-1 역북마을신성,경기도 용인시 처인구 명지로 15-5,19981218,8,475,475.0,113.0,362.0
용인시,처인구,역북동,A44972201,역북마을금강,아파트,경기도 용인처인구 역북동 721-2 역북마을금강,경기도 용인시 처인구 명지로 15-29,19990414,2,150,151.0,38.0,113.0
용인시,처인구,역북동,A44972202,역북마을보성,아파트,경기도 용인처인구 역북동 721-3 역북마을보성,경기도 용인시 처인구 명지로 15-33,20001114,3,162,249.0,59.0,190.0
용인시,처인구,남동,A44903001,삼라마이다스빌,아파트,경기도 용인처인구 남동 684 삼라마이다스빌,경기도 용인시 처인구 명지로 307,20040102,3,159,161.0,161.0,0.0
용인시,처인구,유방동,A44972404,인정프린스3차,아파트,경기도 용인처인구 유방동 1007-51 인정프린스3차,경기도 용인시 처인구 경안천로 368,19960608,2,380,171.0,128.0,43.0
용인시,처인구,유방동,A44972402,용인인정프린스2차,아파트,경기도 용인처인구 유방동 1007-50 용인인정프린스2차,경기도 용인시 처인구 경안천로 378,19950602,3,330,241.0,200.0,41.0
용인시,처인구,고림동,A10026328,양우내안애 에듀파크,아파트,경기도 용인처인구 고림동 730-1 양우내안애 에듀파크,경기도 용인시 처인구 경안천로 112,20180427,8,737,813.0,0.0,813.0
용인시,기흥구,중동,A44691604,신동백아이파크,아파트,경기도 용인기흥구 중동 1081 신동백아이파크,경기도 용인시 기흥구 언동로217번길 11,20070322,6,313,544.0,176.0,368.0
용인시,기흥구,중동,A44675303,신동백서해그랑블2차,아파트,경기도 용인기흥구 중동 1139 신동백서해그랑블2차,경기도 용인시 기흥구 언동로217번길 31,20140603,10,817,1112.0,8.0,1104.0
용인시,수지구,신봉동,A44853509,우남퍼스트빌,아파트,경기도 용인수지구 신봉동 905 우남퍼스트빌,경기도 용인시 수지구 신봉1로 27,20040114,11,962,841.0,122.0,719.0
용인시,수지구,신봉동,A44853503,서홍마을현대효성,아파트,경기도 용인수지구 신봉동 893 서홍마을현대효성,경기도 용인시 수지구 신봉1로 28,20040110,6,388,403.0,60.0,343.0
용인시,처인구,김량장동,A44970503,용인에스원스마트빌,도시형 생활주택(주상복합),경기도 용인처인구 김량장동 63-9 용인에스원스마트빌,경기도 용인시 처인구 백옥대로 1104,20140630,1,299,73.0,0.0,73.0
용인시,기흥구,영덕동,A44678704,흥덕마을주공4단지,아파트,경기도 용인기흥구 영덕동 1021 흥덕마을주공4단지,경기도 용인시 기흥구 흥덕2로 46,20090629,5,383,317.0,122.0,195.0
용인시,기흥구,영덕동,A44678705,흥덕마을3단지,아파트,경기도 용인기흥구 영덕동 1022 흥덕마을3단지,경기도 용인시 기흥구 흥덕2로 80,20090902,11,866,705.0,209.0,496.0
용인시,기흥구,영덕동,A44678712,흥덕마을7단지힐스테이트,아파트,경기도 용인기흥구 영덕동 969 흥덕마을7단지힐스테이트,경기도 용인시 기흥구 흥덕2로 126,20100819,9,570,631.0,629.0,2.0
용인시,기흥구,영덕동,A44678708,흥덕마을12단지,아파트,경기도 용인기흥구 영덕동 1069 흥덕마을12단지,경기도 용인시 기흥구 흥덕3로 20,20091029,14,759,1485.0,0.0,1485.0
용인시,기흥구,영덕동,A44678709,흥덕마을14단지 호반베르디움,아파트,경기도 용인기흥구 영덕동 1079 흥덕마을14단지 호반베르디움,경기도 용인시 기흥구 흥덕3로 60,20100205,4,236,496.0,2.0,494.0
용인시,처인구,삼가동,A44978002,우남퍼스트빌,아파트,경기도 용인처인구 삼가동 537 우남퍼스트빌,경기도 용인시 처인구 금학로 91,20031128,7,451,550.0,155.0,395.0
용인시,처인구,마평동,A44904004,푸른마을 용인 자이 아파트,아파트,경기도 용인처인구 마평동 957 푸른마을 용인 자이 아파트,경기도 용인시 처인구 금학로 520,20060323,8,502,567.0,165.0,402.0
용인시,처인구,삼가동,A44971803,진우,아파트,경기도 용인처인구 삼가동 265 진우,경기도 용인시 처인구 중부대로 1144,19990313,5,582,553.0,351.0,202.0
용인시,기흥구,청덕동,A44657503,청덕마을광도와이드빌,아파트,경기도 용인기흥구 청덕동 482 청덕마을광도와이드빌,경기도 용인시 기흥구 언동로71번길 64,20030808,7,476,575.0,284.0,291.0
용인시,기흥구,마북동,A44693813,연원마을벽산아파트,아파트,경기도 용인기흥구 마북동 524-8 연원마을벽산아파트,경기도 용인시 기흥구 연원로42번길 2,20000930,27,1576,2018.0,395.0,1623.0
용인시,기흥구,마북동,A44655801,연원마을삼성쉐르빌아파트,아파트,경기도 용인기흥구 마북동 624 연원마을삼성쉐르빌아파트,경기도 용인시 기흥구 연원로42번길 33,20020530,5,316,756.0,195.0,561.0
용인시,처인구,김량장동,A10026993,유메이드,도시형 생활주택(주상복합),경기도 용인처인구 김량장동 254-158 유메이드,경기도 용인시 처인구 금령로 43,20170210,1,299,149.0,0.0,149.0
용인시,기흥구,신갈동,A44658506,새릉골풍림,아파트,경기도 용인기흥구 신갈동 166 새릉골풍림,경기도 용인시 기흥구 기흥로116번길 7,20010317,5,340,341.0,160.0,181.0
용인시,기흥구,신갈동,A44658814,기흥파크뷰(새천년그린빌5단지),아파트,경기도 용인기흥구 신갈동 697 기흥파크뷰(새천년그린빌5단지),경기도 용인시 기흥구 기흥로116번길 60,20040823,19,915,944.0,217.0,727.0
용인시,기흥구,신갈동,A44658807,용인신갈푸르지오,아파트,경기도 용인기흥구 신갈동 691 용인신갈푸르지오,경기도 용인시 기흥구 기흥로116번길 77,20040730,7,346,605.0,172.0,433.0
용인시,기흥구,언남동,A44679205,초원마을성원상떼빌,아파트,경기도 용인기흥구 언남동 500 초원마을성원상떼빌,경기도 용인시 기흥구 기흥로116번길 100,20050518,10,860,1303.0,50.0,1253.0
용인시,기흥구,서천동,A44690601,예현마을현대홈타운,아파트,경기도 용인기흥구 서천동 705 예현마을현대홈타운,경기도 용인시 기흥구 예현로35번길 21,20021121,8,622,910.0,910.0,0.0
용인시,처인구,유방동,A44972403,인정프린스1차,아파트,경기도 용인처인구 유방동 1007-1 인정프린스1차,경기도 용인시 처인구 금어로 6,19940422,4,375,209.0,209.0,0.0
용인시,처인구,고림동,A44901002,보평마을 삼정그린뷰 아파트,아파트,경기도 용인처인구 고림동 1001 보평마을 삼정그린뷰 아파트,경기도 용인시 처인구 금어로 74,20040430,7,360,434.0,211.0,223.0
용인시,처인구,고림동,A44978805,금평마을영화,아파트,경기도 용인처인구 고림동 1000 금평마을영화,경기도 용인시 처인구 금어로 102,20031223,6,428,536.0,234.0,302.0
용인시,처인구,천리,A44983303,한천마을금광베네스타,아파트,경기도 용인처인구 이동읍 천리 1134 한천마을금광베네스타,경기도 용인시 처인구 백옥대로 711,20080730,9,460,502.0,264.0,238.0
용인시,처인구,천리,A10027387,에이스카운티아파트,아파트,경기도 용인처인구 이동읍 천리 1142 에이스카운티아파트,경기도 용인시 처인구 백옥대로 737,20160808,9,430,478.0,73.0,405.0
용인시,처인구,둔전리,A44982804,금전마을리슈빌아파트,아파트,경기도 용인처인구 포곡읍 둔전리 447 금전마을리슈빌아파트,경기도 용인시 처인구 둔전로 15,20060405,8,441,485.0,160.0,325.0
용인시,수지구,성복동,A10024775,성복역 롯데캐슬파크나인아파트,아파트,경기도 용인수지구 성복동 814 성복역 롯데캐슬파크나인아파트,경기도 용인시 수지구 성복1로 13,20200629,8,534,702.0,43.0,659.0
용인시,수지구,동천동,A10024930,더샵동천이스트포레아파트,아파트,경기도 용인수지구 동천동 151-2 더샵동천이스트포레아파트,경기도 용인시 수지구 수풍로 89,20200331,10,980,1226.0,0.0,1226.0
용인시,수지구,성복동,A10024453,성복역 롯데캐슬 클라시엘 아파트,아파트,경기도 용인수지구 성복동 192-1 성복역 롯데캐슬 클라시엘 아파트,경기도 용인시 수지구 성복1로 35,20210129,20,1094,1530.0,68.0,1462.0
용인시,수지구,상현동,A10024390,광교상현솔하임,도시형 생활주택(주상복합),경기도 용인수지구 상현동 1219 광교상현솔하임,경기도 용인시 수지구 상현로 6,20210204,1,224,179.0,23.0,156.0
용인시,수지구,죽전동,A10024338,죽전역솔하임,도시형 생활주택(주상복합),경기도 용인수지구 죽전동 1088-2 죽전역솔하임,경기도 용인시 수지구 정든로 5,20210309,1,234,170.0,12.0,158.0
용인시,기흥구,중동,A10025674,동백하우스디카바나,아파트,경기도 용인기흥구 중동 1100 동백하우스디카바나,경기도 용인시 기흥구 동백죽전대로527번길 34,20190221,4,284,313.0,28.0,285.0
용인시,수지구,신봉동,A10025673,신봉동 동도센트리움,아파트,경기도 용인수지구 신봉동 965 신봉동 동도센트리움,경기도 용인시 수지구 신봉3로 6,20190131,2,184,202.0,9.0,193.0
용인시,수지구,신봉동,A10023754,힐스테이트 광교산,아파트,경기도 용인수지구 신봉동  힐스테이트 광교산,,20220429,10,789,1026.0,0.0,1026.0
용인시,수지구,동천동,A10023868,한화포레나수지동천,,경기도 용인수지구 동천동  한화포레나수지동천,,20220221,3,293,311.0,311.0,0.0
용인시,처인구,아곡리,A10023854,이편한세상용인파크카운티,연립주택,경기도 용인처인구 남사읍 아곡리 686 이편한세상용인파크카운티,,20190628,8,75,115.0,1.0,114.0
용인시,기흥구,언남동,A10024208,힐스테이트 구성 아파트,아파트,경기도 용인기흥구 언남동 315 힐스테이트 구성 아파트,,20210730,8,699,874.0,117.0,757.0
용인시,기흥구,마북동,A44655607,교동마을LG자이,아파트,경기도 용인기흥구 마북동 617 교동마을LG자이,,20010811,7,450,583.0,283.0,300.0
용인시,수지구,상현동,A44813013,광교마을46단지 광교스타클래스,아파트,경기도 용인수지구 상현동 1108 광교마을46단지 광교스타클래스,,20111228,3,220,392.0,2.0,390.0
용인시,기흥구,마북동,A44691203,교동마을쌍용,아파트,경기도 용인기흥구 마북동 621 교동마을쌍용,,20020308,7,340,654.0,13.0,641.0
용인시,수지구,죽전동,A44816010,도담마을아이파크,아파트,경기도 용인수지구 죽전동 331 도담마을아이파크,,19981218,3,360,360.0,170.0,190.0
용인시,수지구,상현동,A44813011,광교마을46단지광교스타클래스,아파트,경기도 용인수지구 상현동 1107 광교마을46단지광교스타클래스,,20111228,3,168,323.0,2.0,321.0
용인시,수지구,풍덕천동,A44899104,진산마을삼성래미안6차,아파트,경기도 용인수지구 풍덕천동 1168-2 진산마을삼성래미안6차,,20020221,11,343,729.0,179.0,550.0
용인시,수지구,신봉동,A44853608,동일하이빌3단지,아파트,경기도 용인수지구 신봉동 985 동일하이빌3단지,,20100730,13,594,1138.0,0.0,1138.0
용인시,처인구,역북동,A10027349,역북1단지 우남퍼스트빌 아파트,아파트,경기도 용인처인구 역북동 291-8 역북1단지 우남퍼스트빌 아파트,,20161024,6,409,429.0,79.0,350.0
용인시,기흥구,보라동,A44658307,보라마을현대모닝사이드2차,아파트,경기도 용인기흥구 보라동 564 보라마을현대모닝사이드2차,,20030627,12,771,1234.0,360.0,874.0
용인시,수지구,죽전동,A44816003,죽전7차현대홈타운1단지,아파트,경기도 용인수지구 죽전동 1151 죽전7차현대홈타운1단지,,20040916,5,162,178.0,61.0,117.0
용인시,기흥구,신갈동,A44658414,기흥더샵프라임뷰,아파트,경기도 용인기흥구 신갈동 733 기흥더샵프라임뷰,,20130903,8,612,775.0,0.0,775.0
용인시,기흥구,신갈동,A44658415,기흥역롯데캐슬스카이,주상복합,경기도 용인기흥구 신갈동 63 기흥역롯데캐슬스카이,,20141223,3,625,797.0,0.0,797.0
용인시,기흥구,서천동,A10027304,힐스테이트 서천 아파트,아파트,경기도 용인기흥구 서천동 801 힐스테이트 서천 아파트,,20160929,12,754,912.0,4.0,908.0
용인시,처인구,역북동,A10027347,역북2단지 우남퍼스트빌아파트,아파트,경기도 용인처인구 역북동 282 역북2단지 우남퍼스트빌아파트,,20161024,7,505,532.0,73.0,459.0
