,시도,시군구,동리,단지코드,단지명,단지분류,법정동주소,도로명주소,동수,세대수,총주차대수,지상주차대수,지하주차대수,y,x
0,용인시,처인구,역북동,A10025716,역북신원아침도시아파트,아파트,경기도 용인처인구 역북동 795 역북신원아침도시아파트,경기도 용인시 처인구 낙은로 11,5,452,490,0,490,37.2385704552006,127.197317788422
1,용인시,처인구,남곡리,A10025679,양지포레스토리,연립주택,경기도 용인처인구 양지면 남곡리 898 양지포레스토리,경기도 용인시 처인구 은이로 85,15,174,185,185,0,37.2237979176946,127.278730828863
2,용인시,처인구,고림동,A10025660,양우내안애에듀퍼스트,아파트,경기도 용인처인구 고림동 1014 양우내안애에듀퍼스트,경기도 용인시 처인구 경안천로 196-1,18,1098,1217,8,1209,37.2491879717277,127.221192942292
3,용인시,기흥구,영덕동,A10025178,힉스유타워 아파트,아파트,경기도 용인기흥구 영덕동 1315 힉스유타워 아파트,경기도 용인시 기흥구 중부대로 184,1,230,265,0,265,37.2691613298833,127.090689370086
4,용인시,수지구,성복동,A10025592,성복역 KCC스위첸,아파트,경기도 용인수지구 성복동 167 성복역 KCC스위첸,경기도 용인시 수지구 성복1로 62,2,188,212,18,194,37.3152131053821,127.072942564189
5,용인시,기흥구,신갈동,A10025541,신흥덕 롯데캐슬레이시티,아파트,경기도 용인기흥구 신갈동 736 신흥덕 롯데캐슬레이시티,경기도 용인시 기흥구 신정로 25,11,1597,1804,0,1804,37.2730954778418,127.101431429455
6,용인시,수지구,성복동,A10025412,성복역 롯데캐슬 골드타운,아파트,경기도 용인수지구 성복동 789 성복역 롯데캐슬 골드타운,경기도 용인시 수지구 성복2로 10,13,2356,2817,0,2817,37.3112648289337,127.083106430916
7,용인시,수지구,풍덕천동,A10025555,수지파크푸르지오,아파트,경기도 용인수지구 풍덕천동 59-2 수지파크푸르지오,경기도 용인시 수지구 풍덕천로171번길 9,5,430,548,0,548,37.3268290106252,127.099244427714
8,용인시,기흥구,영덕동,A10025587,용인기흥 효성해링턴플레이스아파트,아파트,경기도 용인기흥구 영덕동 1267 용인기흥 효성해링턴플레이스아파트,경기도 용인시 기흥구 덕영대로2077번길 33,23,1679,1972,32,1940,37.2664821050674,127.095698664994
9,용인시,기흥구,보라동,A10025465,용인보라해링턴플레이스아파트,아파트,경기도 용인기흥구 보라동 660 용인보라해링턴플레이스아파트,경기도 용인시 기흥구 사은로84번길 10,11,970,1119,199,920,37.2540844951938,127.113437206674
10,용인시,수지구,동천동,A10025481,동천센트럴자이아파트,아파트,경기도 용인수지구 동천동 164-4 동천센트럴자이아파트,경기도 용인시 수지구 고기로45번길 40-18,8,1057,1383,0,1383,37.341437124213,127.094892462148
11,용인시,처인구,김량장동,A10025935,스위트홈아파트,도시형 생활주택(주상복합),경기도 용인처인구 김량장동 329-2 스위트홈아파트,경기도 용인시 처인구 금령로12번길 12,2,168,134,20,114,37.2339512861635,127.198212347459
12,용인시,처인구,둔전리,A44977906,인정멜로디,아파트,경기도 용인처인구 포곡읍 둔전리 319 인정멜로디,경기도 용인시 처인구 포곡로61번길 17,5,831,824,305,519,37.270823929875,127.212646166538
13,용인시,처인구,둔전리,A44981205,신원1차,아파트,경기도 용인처인구 포곡읍 둔전리 385 신원1차,경기도 용인시 처인구 포곡로 90,5,474,485,194,291,37.2674506609158,127.215710104946
14,용인시,처인구,둔전리,A44981201,신원2차,아파트,경기도 용인처인구 포곡읍 둔전리 147 신원2차,경기도 용인시 처인구 포곡로 98-1,2,296,296,246,50,37.2671835381001,127.218051635498
15,용인시,처인구,왕산리,A44985401,풍산햇빛마을,아파트,경기도 용인처인구 모현읍 왕산리 464-2 풍산햇빛마을,경기도 용인시 처인구 백옥대로2332번길 21-8,4,330,330,98,232,37.3324937606486,127.250215216931
16,용인시,처인구,삼가동,A44980405,용인행정타운두산위브2단지,아파트,경기도 용인처인구 삼가동 563 용인행정타운두산위브2단지,경기도 용인시 처인구 지삼로590번길 9,9,624,844,36,808,37.2404522884646,127.167354380587
17,용인시,처인구,둔전리,A44981101,삼성쉐르빌아파트,아파트,경기도 용인처인구 포곡읍 둔전리 449 삼성쉐르빌아파트,경기도 용인시 처인구 포곡로 159,8,469,671,74,597,37.2739215707702,127.220790267532
18,용인시,처인구,삼가동,A44980406,용인행정타운두산위브1단지,아파트,경기도 용인처인구 삼가동 562 용인행정타운두산위브1단지,경기도 용인시 처인구 지삼로590번길 24,3,199,334,8,326,37.2385011475596,127.164732663858
19,용인시,처인구,삼가동,A44980407,용인행정타운두산위브3단지,아파트,경기도 용인처인구 삼가동 564 용인행정타운두산위브3단지,경기도 용인시 처인구 지삼로590번길 29,7,470,709,34,675,37.23981823994,127.169118531027
20,용인시,처인구,김량장동,A44902002,삼환,아파트,경기도 용인처인구 김량장동 502-2 삼환,경기도 용인시 처인구 중부대로1388번길 6-4,2,180,180,113,67,37.2331357792242,127.197871580251
21,용인시,처인구,김량장동,A44970501,용인김량장주공2단지,아파트,경기도 용인처인구 김량장동 502-1 용인김량장주공2단지,경기도 용인시 처인구 중부대로1388번길 6-14,6,495,505,192,313,37.2336070084302,127.196040016323
22,용인시,처인구,김량장동,A44992701,신우,아파트,경기도 용인처인구 김량장동 503-3 신우,경기도 용인시 처인구 중부대로1388번길 12,3,176,258,132,126,37.2326153723789,127.197687551642
23,용인시,처인구,삼가동,A44980404,행정타운늘푸른오스카빌,아파트,경기도 용인처인구 삼가동 550 행정타운늘푸른오스카빌,경기도 용인시 처인구 중부대로1158번길 12,9,675,817,228,589,37.2376115088833,127.170550930152
24,용인시,처인구,천리,A44983602,샘골마을신미주2단지,아파트,경기도 용인처인구 이동읍 천리 1124 샘골마을신미주2단지,경기도 용인시 처인구 백옥대로587번길 7,3,234,241,93,148,37.1893503511482,127.204895419447
25,용인시,처인구,왕산리,A44985101,모현KCC스위첸,아파트,경기도 용인처인구 모현읍 왕산리 948 모현KCC스위첸,경기도 용인시 처인구 외대로54번길 12,6,308,387,8,379,37.3343467144271,127.254026796604
26,용인시,처인구,천리,A44983604,샘골마을신미주1단지,아파트,경기도 용인처인구 이동읍 천리 1119 샘골마을신미주1단지,경기도 용인시 처인구 백옥대로621번길 11,12,800,804,224,580,37.1921141579213,127.204993440662
27,용인시,처인구,송전리,A44983101,송전마을세광리치타워,아파트,경기도 용인처인구 이동읍 송전리 1227 송전마을세광리치타워,경기도 용인시 처인구 경기동로705번길 28,13,782,997,112,885,37.1391735837303,127.201179688583
28,용인시,처인구,삼가동,A44971901,용인삼가풍림,아파트,경기도 용인처인구 삼가동 117 용인삼가풍림,경기도 용인시 처인구 금학로1번길 9,5,377,399,95,304,37.2452786266036,127.167046540248
29,용인시,처인구,고림동,A44978101,이삭베스트,아파트,경기도 용인처인구 고림동 411-1 이삭베스트,경기도 용인시 처인구 경안천로256번길 47-14,4,300,317,142,175,37.2526122273862,127.227551825988
30,용인시,처인구,고림동,A44978806,임원마을영화1차,아파트,경기도 용인처인구 고림동 996 임원마을영화1차,경기도 용인시 처인구 경안천로256번길 47-16,6,513,648,380,268,37.2534781668999,127.226827499995
31,용인시,처인구,완장리,A10026198,e편한세상 용인한숲시티 5단지,아파트,경기도 용인처인구 남사읍 완장리 681 e편한세상 용인한숲시티 5단지,경기도 용인시 처인구 한숲로 83,21,2336,2732,400,2332,37.1581701311615,127.170126776434
32,용인시,처인구,완장리,A10026178,e편한세상 용인한숲시티6단지,아파트,경기도 용인처인구 남사읍 완장리 954 e편한세상 용인한숲시티6단지,경기도 용인시 처인구 한숲로 84,15,1784,2101,298,1803,37.1561090694356,127.173656345397
33,용인시,처인구,완장리,A10026208,이편한세상 용인한숲시티 3단지,아파트,경기도 용인처인구 남사읍 완장리 652-1 이편한세상 용인한숲시티 3단지,경기도 용인시 처인구 한숲로 123,13,1449,1682,271,1411,37.1601463360453,127.172057132033
34,용인시,처인구,완장리,A10026189,e편한세상용인한숲시티4단지,아파트,경기도 용인처인구 남사읍 완장리 652-1 e편한세상용인한숲시티4단지,경기도 용인시 처인구 한숲로 124,6,710,834,133,701,37.1591118282048,127.175501302175
35,용인시,처인구,완장리,A10026202,e편한세상 용인한숲시티 2단지,아파트,경기도 용인처인구 남사읍 완장리 652-1 e편한세상 용인한숲시티 2단지,경기도 용인시 처인구 한숲로 137,6,446,524,37,487,37.161355406237,127.173948565082
36,용인시,처인구,고림동,A44974208,인정피렌체빌리지1차,아파트,경기도 용인처인구 고림동 264-8 인정피렌체빌리지1차,경기도 용인시 처인구 한터로152번길 45,10,639,649,214,435,37.2466295058458,127.230800386786
37,용인시,처인구,고림동,A44974307,예진마을3차,아파트,경기도 용인처인구 고림동 997 예진마을3차,경기도 용인시 처인구 한터로152번길 62,10,516,638,214,424,37.2445675069567,127.23220969308
38,용인시,처인구,고림동,A44980703,예원마을코아루,아파트,경기도 용인처인구 고림동 1002 예원마을코아루,경기도 용인시 처인구 한터로275번길 40,7,408,493,162,331,37.2578531115269,127.237250220806
39,용인시,처인구,유방동,A44993401,용인성웅,아파트,경기도 용인처인구 유방동 181 용인성웅,경기도 용인시 처인구 영문로29번길 17,3,271,252,172,80,37.2669935846693,127.207068856228
40,용인시,처인구,일산리,A44985502,효천마을신안인스빌,아파트,경기도 용인처인구 모현읍 일산리 669 효천마을신안인스빌,경기도 용인시 처인구 문현로 326,12,862,1042,472,570,37.3366524310217,127.243929947043
41,용인시,처인구,마평동,A44978703,마평우성,아파트,경기도 용인처인구 마평동 650-1 마평우성,경기도 용인시 처인구 금령로173번길 5,3,358,324,149,175,37.2351635559951,127.215343222091
42,용인시,처인구,마평동,A44978701,용인마평두보,아파트,경기도 용인처인구 마평동 923 용인마평두보,경기도 용인시 처인구 금령로173번길 14,2,248,254,134,120,37.2354292806482,127.216919538729
43,용인시,처인구,역북동,A10026630,우미 린 센트럴파크 관리사무소,아파트,경기도 용인처인구 역북동 736 우미 린 센트럴파크 관리사무소,경기도 용인시 처인구 명지로16번길 25,10,1260,1462,0,1462,37.2332338175126,127.185165049744
44,용인시,처인구,역북동,A10026217,용인 명지대역 동원로얄듀크아파트,아파트,경기도 용인처인구 역북동 734 용인 명지대역 동원로얄듀크아파트,경기도 용인시 처인구 명지로16번길 26,10,842,959,24,935,37.2356068835221,127.185291322676
45,용인시,처인구,천리,A44983301,동아,아파트,경기도 용인처인구 이동읍 천리 118-1 동아,경기도 용인시 처인구 이원로 22,1,202,132,67,65,37.1893860997942,127.209494314665
46,용인시,처인구,삼계리,A44981402,용인수목원우림필유아파트,아파트,경기도 용인처인구 포곡읍 삼계리 672 용인수목원우림필유아파트,경기도 용인시 처인구 백옥대로1898번길 34,5,346,387,67,320,37.2945130429444,127.238272172635
47,용인시,처인구,김량장동,A10026022,웰메이드시티337,도시형 생활주택(주상복합),경기도 용인처인구 김량장동 84-3 웰메이드시티337,경기도 용인시 처인구 금령로106번길 14-8,1,299,81,0,81,37.2345837683508,127.207243318428
48,용인시,처인구,김량장동,A44970502,금호어울림아파트,아파트,경기도 용인처인구 김량장동 526 금호어울림아파트,경기도 용인시 처인구 금령로13번길 13,7,484,554,0,554,37.2366019643714,127.197790934347
49,용인시,처인구,김량장동,A44970904,김량장동현대아파트,아파트,경기도 용인처인구 김량장동 4-2 김량장동현대아파트,경기도 용인시 처인구 백옥대로1068번길 12,7,755,490,204,286,37.2292990888889,127.211752887497
50,용인시,처인구,고림동,A44901004,예진마을2차,아파트,경기도 용인처인구 고림동 995 예진마을2차,경기도 용인시 처인구 한터로152번길 15,8,416,515,205,310,37.2471012084189,127.229916936429
51,용인시,처인구,역북동,A10026640,역북지웰 푸르지오,아파트,경기도 용인처인구 역북동 809 역북지웰 푸르지오,경기도 용인시 처인구 명지로40번길 35-16,11,1259,1463,8,1455,37.2306890205109,127.182243414418
52,용인시,처인구,역북동,A10026765,용인역북골드클래스아파트,아파트,경기도 용인처인구 역북동 808 용인역북골드클래스아파트,경기도 용인시 처인구 명지로40번길 35-29,6,623,753,0,753,37.2308219194505,127.184400660885
53,용인시,기흥구,동백동,A10024231,용인동백두산위브더제니스,아파트,경기도 용인기흥구 동백동 694 용인동백두산위브더제니스,경기도 용인시 기흥구 동백죽전대로 507,10,1187,1434,0,1434,37.2830246609485,127.150608535392
54,용인시,기흥구,신갈동,A10025253,이안 두드림기흥역,주상복합,경기도 용인기흥구 신갈동 68-6 이안 두드림기흥역,경기도 용인시 기흥구 중부대로 376,1,297,235,0,235,37.2714574421973,127.108875146108
55,용인시,수지구,상현동,A10025299,더샵수지포레,아파트,경기도 용인수지구 상현동 54-7 더샵수지포레,경기도 용인시 수지구 만현로67번길 20,6,479,597,5,592,37.3082964964469,127.088522841076
56,용인시,기흥구,구갈동,A44673512,구갈한성1차,아파트,경기도 용인기흥구 구갈동 380 구갈한성1차,경기도 용인시 기흥구 기흥로 29,12,570,450,450,0,37.2791830690322,127.114302620407
57,용인시,수지구,풍덕천동,A10026839,e편한세상 수지아파트,아파트,경기도 용인수지구 풍덕천동 1209 e편한세상 수지아파트,경기도 용인시 수지구 포은대로313번길 7-10,10,1237,1388,96,1292,37.3166948096886,127.083890038258
58,용인시,기흥구,구갈동,A10026215,기흥역센트럴푸르지오,아파트,경기도 용인기흥구 구갈동 662 기흥역센트럴푸르지오,경기도 용인시 기흥구 기흥역로58번길 10,6,1316,1676,0,1676,37.2739931969359,127.119029735417
59,용인시,기흥구,구갈동,A10026005,기흥역파크푸르지오아파트,아파트,경기도 용인기흥구 구갈동 663 기흥역파크푸르지오아파트,경기도 용인시 기흥구 기흥역로58번길 56,5,769,926,135,791,37.2718101606869,127.120450974178
60,용인시,기흥구,구갈동,A10025933,기흥역 더샵 아파트,아파트,경기도 용인기흥구 구갈동 234-5 기흥역 더샵 아파트,경기도 용인시 기흥구 기흥역로58번길 78,6,1219,1587,0,1587,37.2734741309411,127.118016537449
61,용인시,수지구,풍덕천동,A44898902,신정마을극동임광,아파트,경기도 용인수지구 풍덕천동 1018 신정마을극동임광,경기도 용인시 수지구 정평로 73,6,424,721,580,141,37.3225443124245,127.089196068087
62,용인시,수지구,풍덕천동,A44875603,신정마을현대프라임,아파트,경기도 용인수지구 풍덕천동 1014 신정마을현대프라임,경기도 용인시 수지구 정평로 89,8,462,801,299,502,37.3234189743597,127.089396011329
63,용인시,수지구,풍덕천동,A44876702,수지한국,아파트,경기도 용인수지구 풍덕천동 699 수지한국,경기도 용인시 수지구 정평로 116,5,416,316,216,100,37.3236363477992,127.093535019528
64,용인시,수지구,죽전동,A44875411,현암마을동성2차,아파트,경기도 용인수지구 죽전동 1003-8 현암마을동성2차,경기도 용인시 수지구 용구대로 2720,12,838,883,360,523,37.3289448201755,127.109356906504
65,용인시,수지구,죽전동,A44816015,죽전동성1차,아파트,경기도 용인수지구 죽전동 501 죽전동성1차,경기도 용인시 수지구 용구대로 2742,9,684,683,343,340,37.3299184981879,127.110109228916
66,용인시,기흥구,마북동,A44655712,삼성래미안1차,아파트,경기도 용인기흥구 마북동 629 삼성래미안1차,경기도 용인시 기흥구 용구대로2394번길 27,17,1282,2135,310,1825,37.300391782518,127.113463292513
67,용인시,수지구,상현동,A44851802,상현현대성우2차,아파트,경기도 용인수지구 상현동 825 상현현대성우2차,경기도 용인시 수지구 상현로11번길 26,4,198,386,17,369,37.3042019528875,127.07811049245
68,용인시,수지구,상현동,A44851501,금호베스트빌3단지,아파트,경기도 용인수지구 상현동 837 금호베스트빌3단지,경기도 용인시 수지구 상현로42번길 40,3,159,276,15,261,37.3027374662266,127.082410810687
69,용인시,수지구,상현동,A44851509,상현마을동일스위트,아파트,경기도 용인수지구 상현동 838 상현마을동일스위트,경기도 용인시 수지구 상현로42번길 46,5,312,475,70,405,37.3043997658393,127.081922638701
70,용인시,기흥구,보정동,A44691304,죽전자이2차,주상복합,경기도 용인기흥구 보정동 1291 죽전자이2차,경기도 용인시 기흥구 용구대로2469번길 20,1,275,435,55,380,37.3084578364206,127.106199114923
71,용인시,수지구,상현동,A44813002,서원마을현대홈타운,아파트,경기도 용인수지구 상현동 85-6 서원마을현대홈타운,경기도 용인시 수지구 포은대로 231,6,462,556,235,321,37.3092751497397,127.080916308005
72,용인시,수지구,상현동,A44874606,성복역리버파크,아파트,경기도 용인수지구 상현동 1 성복역리버파크,경기도 용인시 수지구 포은대로 298,4,702,532,353,179,37.3134183637284,127.086908225259
73,용인시,수지구,죽전동,A44816001,죽전7차현대홈타운2단지,아파트,경기도 용인수지구 죽전동 1152 죽전7차현대홈타운2단지,경기도 용인시 수지구 탄천상로 6,6,194,198,49,149,37.3323916559125,127.112212186294
74,용인시,수지구,죽전동,A44876902,현인마을대림이편한세상2차,아파트,경기도 용인수지구 죽전동 1153 현인마을대림이편한세상2차,경기도 용인시 수지구 탄천상로 29,5,206,227,75,152,37.3342417333537,127.110980687671
75,용인시,수지구,죽전동,A44876904,현인마을대림이편한세상3차,아파트,경기도 용인수지구 죽전동 1154 현인마을대림이편한세상3차,경기도 용인시 수지구 탄천상로 30,5,239,263,100,163,37.3343901562391,127.112388031093
76,용인시,수지구,동천동,A44851003,원천마을푸르지오,아파트,경기도 용인수지구 동천동 910 원천마을푸르지오,경기도 용인시 수지구 고기로 3,3,190,191,59,132,37.3423585091681,127.10120807185
77,용인시,수지구,동천동,A44812007,행림마을진로,아파트,경기도 용인수지구 동천동 177-12 행림마을진로,경기도 용인시 수지구 고기로 11,3,269,272,51,221,37.3425455170361,127.099990525707
78,용인시,수지구,동천동,A10026065,동천자이아파트,아파트,경기도 용인수지구 동천동  동천자이아파트,경기도 용인시 수지구 고기로 89,10,1437,1847,0,1847,37.3447488936611,127.091532269053
79,용인시,수지구,상현동,A44851611,진산마을성원상떼빌아파트,아파트,경기도 용인수지구 상현동 30 진산마을성원상떼빌아파트,경기도 용인시 수지구 진산로 24,19,1744,1741,960,781,37.3141394988568,127.092792577773
80,용인시,수지구,신봉동,A10026986,광교산한양수자인더킨포크,연립주택,경기도 용인수지구 신봉동 1024 광교산한양수자인더킨포크,경기도 용인시 수지구 태봉로 17,30,294,345,52,293,37.3346648490018,127.057444452313
81,용인시,수지구,풍덕천동,A44899106,수지진흥아파트,아파트,경기도 용인수지구 풍덕천동 1027 수지진흥아파트,경기도 용인시 수지구 풍덕천로 19,6,414,448,228,220,37.3193195915051,127.085303522814
82,용인시,수지구,풍덕천동,A44899101,신정마을6단지상록,아파트,경기도 용인수지구 풍덕천동 1028 신정마을6단지상록,경기도 용인시 수지구 풍덕천로 33,5,393,404,222,182,37.3189183191966,127.086478742702
83,용인시,수지구,풍덕천동,A44899209,현대성우,아파트,경기도 용인수지구 풍덕천동 1112 현대성우,경기도 용인시 수지구 풍덕천로 52,13,1239,1296,425,871,37.3175763161289,127.090813615263
84,용인시,수지구,풍덕천동,A44899006,신정마을7단지 상록아파트,아파트,경기도 용인수지구 풍덕천동 1060 신정마을7단지 상록아파트,경기도 용인시 수지구 풍덕천로 75,7,670,632,409,223,37.3205039309399,127.09049097484
85,용인시,수지구,풍덕천동,A44899307,신정마을9단지,아파트,경기도 용인수지구 풍덕천동 1104 신정마을9단지,경기도 용인시 수지구 풍덕천로 76,9,812,814,278,536,37.3199747278095,127.09087798744
86,용인시,기흥구,중동,A44675112,초당마을삼부르네상스아파트,아파트,경기도 용인기흥구 중동 1046 초당마을삼부르네상스아파트,경기도 용인시 기흥구 동백1로 9,4,289,320,88,232,37.2647476191309,127.15759236242
87,용인시,기흥구,중동,A44675304,초당마을 삼부르네상스,아파트,경기도 용인기흥구 중동 1046 초당마을 삼부르네상스,경기도 용인시 기흥구 동백1로 12,4,279,308,87,221,37.2633050050851,127.158908351542
88,용인시,수지구,풍덕천동,A44898708,신정마을주공1단지아파트,아파트,경기도 용인수지구 풍덕천동 1065 신정마을주공1단지아파트,경기도 용인시 수지구 풍덕천로 91,12,1044,1045,372,673,37.3210632746953,127.091568069816
89,용인시,기흥구,신갈동,A44696202,신갈신미주,아파트,경기도 용인기흥구 신갈동 14-4 신갈신미주,경기도 용인시 기흥구 신갈로138번길 12,2,247,149,77,72,37.2786181570696,127.107329969039
90,용인시,수지구,풍덕천동,A44899105,수지에듀파크,아파트,경기도 용인수지구 풍덕천동 504-10 수지에듀파크,경기도 용인시 수지구 정평로13번길 20,1,279,283,208,75,37.3172407435084,127.087013031429
91,용인시,기흥구,보정동,A44697610,동원로얄듀크,아파트,경기도 용인기흥구 보정동 1271 동원로얄듀크,경기도 용인시 기흥구 죽현로 12,13,706,927,207,720,37.3193086078075,127.111225429388
92,용인시,기흥구,중동,A44691609,어은목마을 벽산블루밍,아파트,경기도 용인기흥구 중동 1051 어은목마을 벽산블루밍,경기도 용인시 기흥구 동백2로 11,9,533,773,36,737,37.2689745618693,127.155014055896
93,용인시,기흥구,중동,A44691608,동백역 경남아너스빌,아파트,경기도 용인기흥구 중동 1050 동백역 경남아너스빌,경기도 용인시 기흥구 동백2로 12,9,592,650,80,570,37.2662456777001,127.156651069468
94,용인시,기흥구,중동,A44671707,대원칸타빌,아파트,경기도 용인기흥구 중동 958 대원칸타빌,경기도 용인시 기흥구 동백2로 37,6,432,835,196,639,37.2697295041552,127.15709471939
95,용인시,기흥구,보라동,A44690404,한보라 에듀포레,아파트,경기도 용인기흥구 보라동 617 한보라 에듀포레,경기도 용인시 기흥구 한보라1로43번길 22,7,446,497,221,276,37.2491293427057,127.110722511198
96,용인시,기흥구,보라동,A44690405,한보라마을휴먼시아4단지,아파트,경기도 용인기흥구 보라동 606 한보라마을휴먼시아4단지,경기도 용인시 기흥구 한보라1로43번길 23,8,581,530,161,369,37.2502657928233,127.110761595554
97,용인시,기흥구,보라동,A44673703,삼성래미안,아파트,경기도 용인기흥구 보라동 450 삼성래미안,경기도 용인시 기흥구 한보라1로64번길 22,6,370,373,179,194,37.2523193909809,127.106806385425
98,용인시,기흥구,신갈동,A44659803,인성마을현대,아파트,경기도 용인기흥구 신갈동 151-1 인성마을현대,경기도 용인시 기흥구 용구대로 2242,2,293,215,166,49,37.2866334673516,127.108090705262
99,용인시,기흥구,마북동,A44693706,연원마을현대,아파트,경기도 용인기흥구 마북동 550-4 연원마을현대,경기도 용인시 기흥구 연원로 60,8,424,765,217,548,37.3027099080142,127.112107839272
100,용인시,기흥구,보정동,A44693909,연원마을성원아파트,아파트,경기도 용인기흥구 보정동 694 연원마을성원아파트,경기도 용인시 기흥구 연원로 49,16,691,1123,193,930,37.3032620270871,127.110613570424
101,용인시,기흥구,서천동,A44695902,서그내마을SK,아파트,경기도 용인기흥구 서천동 700 서그내마을SK,경기도 용인시 기흥구 예현로 15,8,807,1048,518,530,37.2444058449991,127.073035775145
102,용인시,수지구,풍덕천동,A44899102,신정마을우성,아파트,경기도 용인수지구 풍덕천동 1025 신정마을우성,경기도 용인시 수지구 정평로 41,5,443,482,290,192,37.3197733757524,127.085893402078
103,용인시,수지구,풍덕천동,A44897804,신정마을성지,아파트,경기도 용인수지구 풍덕천동 1021 신정마을성지,경기도 용인시 수지구 정평로 61,7,538,923,391,532,37.3218783140646,127.086341106584
104,용인시,기흥구,보정동,A44691301,죽전누리에뜰,주상복합,경기도 용인기흥구 보정동 1263 죽전누리에뜰,경기도 용인시 기흥구 죽전로 20,4,200,268,5,263,37.3199965224732,127.110385262396
105,용인시,기흥구,고매동,A44690101,매화마을 우남 퍼스트빌,아파트,경기도 용인기흥구 고매동 877 매화마을 우남 퍼스트빌,경기도 용인시 기흥구 고매로34번길 10,3,166,171,121,50,37.2299223038764,127.112152113636
106,용인시,기흥구,고매동,A44657603,우림홀인원,아파트,경기도 용인기흥구 고매동 880 우림홀인원,경기도 용인시 기흥구 고매로34번길 31,5,299,361,196,165,37.228669875383,127.115036410943
107,용인시,수지구,풍덕천동,A44875904,동보1차,아파트,경기도 용인수지구 풍덕천동 703 동보1차,경기도 용인시 수지구 풍덕천로 161,5,470,587,429,158,37.3262889185527,127.098505591896
108,용인시,수지구,풍덕천동,A44878407,수지푸르지오월드마크,주상복합,경기도 용인수지구 풍덕천동 1195 수지푸르지오월드마크,경기도 용인시 수지구 포은대로 467,2,198,258,0,258,37.3236036964448,127.100817588259
109,용인시,수지구,풍덕천동,A10025228,풍덕천동 한샘 더랜드마크,도시형 생활주택(주상복합),경기도 용인수지구 풍덕천동 82-9 풍덕천동 한샘 더랜드마크,경기도 용인시 수지구 포은대로 477,1,220,244,11,233,37.3240902915367,127.101826107888
110,용인시,수지구,상현동,A44813009,서원마을3단지아이파크,아파트,경기도 용인수지구 상현동 860 서원마을3단지아이파크,경기도 용인시 수지구 포은대로 219,6,438,709,240,469,37.3079232977462,127.080031399666
111,용인시,기흥구,보정동,A44677015,신촌마을포스홈타운1단지,아파트,경기도 용인기흥구 보정동 1282 신촌마을포스홈타운1단지,경기도 용인시 기흥구 용구대로2518번길 15,12,884,1654,604,1050,37.3129971148668,127.109314850062
112,용인시,기흥구,공세동,A44690201,불곡마을벽산블루밍,아파트,경기도 용인기흥구 공세동 663 불곡마을벽산블루밍,경기도 용인시 기흥구 고매로43번길 32-2,6,390,480,45,435,37.232501816743,127.11754493797
113,용인시,수지구,풍덕천동,A44878309,수지현대아파트,아파트,경기도 용인수지구 풍덕천동 700-1 수지현대아파트,경기도 용인시 수지구 수지로342번길 18,12,1168,871,785,86,37.326643947419,127.09359437228
114,용인시,수지구,상현동,A44813001,풍산,아파트,경기도 용인수지구 상현동 96-1 풍산,경기도 용인시 수지구 수지로78번길 20,4,438,333,231,102,37.3099961684187,127.079168951147
115,용인시,기흥구,상하동,A44677402,인정프린스4차,아파트,경기도 용인기흥구 상하동 137 인정프린스4차,경기도 용인시 기흥구 중부대로 820,3,367,238,184,54,37.2560378542011,127.142764338538
116,용인시,기흥구,동백동,A44691111,해든마을동문굿모닝힐,아파트,경기도 용인기흥구 동백동 689 해든마을동문굿모닝힐,경기도 용인시 기흥구 동백죽전대로 455-10,6,512,619,107,512,37.2797770784079,127.151431633723
117,용인시,기흥구,동백동,A44691107,동백동원로얄듀크,아파트,경기도 용인기흥구 동백동 683 동백동원로얄듀크,경기도 용인시 기흥구 동백죽전대로 455-17,7,477,750,60,690,37.279797933497,127.148411081312
118,용인시,기흥구,보정동,A44691302,신촌마을상록데시앙,아파트,경기도 용인기흥구 보정동 1283 신촌마을상록데시앙,경기도 용인시 기흥구 보정로 26,3,230,262,76,186,37.3134429658859,127.110651385835
119,용인시,기흥구,보정동,A44694013,동아솔레시티,아파트,경기도 용인기흥구 보정동 1162 동아솔레시티,경기도 용인시 기흥구 보정로 30,36,1701,3777,490,3287,37.31037251816,127.112270035886
120,용인시,수지구,신봉동,A44853602,한일유엔아이,아파트,경기도 용인수지구 신봉동 874 한일유엔아이,경기도 용인시 수지구 신봉1로48번길 29,4,296,303,25,278,37.3242608508507,127.080819660427
121,용인시,수지구,신봉동,A44853605,서홍한화꿈에그린,아파트,경기도 용인수지구 신봉동 880 서홍한화꿈에그린,경기도 용인시 수지구 신봉1로48번길 32,5,404,407,53,354,37.3234819167496,127.081855570927
122,용인시,수지구,신봉동,A44853601,서홍마을벽산블루밍,아파트,경기도 용인수지구 신봉동 876 서홍마을벽산블루밍,경기도 용인시 수지구 신봉1로48번길 45,4,246,248,63,185,37.3243410133616,127.083073893376
123,용인시,수지구,신봉동,A44815004,신봉마을자이3차,아파트,경기도 용인수지구 신봉동 912 신봉마을자이3차,경기도 용인시 수지구 신봉1로71번길 25,8,401,442,164,278,37.3209209251706,127.077827688844
124,용인시,기흥구,보라동,A44695410,민속마을쌍용,아파트,경기도 용인기흥구 보라동 553 민속마을쌍용,경기도 용인시 기흥구 사은로126번길 10,20,1596,2776,783,1993,37.2516865812303,127.117560419708
125,용인시,수지구,성복동,A44898206,성복힐스테이트3차,아파트,경기도 용인수지구 성복동 760 성복힐스테이트3차,경기도 용인시 수지구 성복2로 220,12,823,1674,183,1491,37.3206362895327,127.062646296865
126,용인시,수지구,성복동,A44898210,성복자이2차,아파트,경기도 용인수지구 성복동 767 성복자이2차,경기도 용인시 수지구 성복2로 251,13,783,1732,253,1479,37.3188611757842,127.061245659132
127,용인시,기흥구,언남동,A44657207,장미마을 삼성래미안2차,아파트,경기도 용인기흥구 언남동 495 장미마을 삼성래미안2차,경기도 용인시 기흥구 구성로 90,16,1219,1494,106,1388,37.293235775676,127.119390375907
128,용인시,수지구,죽전동,A44895021,죽전퍼스트하임,아파트,경기도 용인수지구 죽전동 488 죽전퍼스트하임,경기도 용인시 수지구 대지로 49,5,480,509,245,264,37.3298362838424,127.114051642154
129,용인시,수지구,죽전동,A44816008,꽃메마을현대홈타운4-4,아파트,경기도 용인수지구 죽전동 1303 꽃메마을현대홈타운4-4,경기도 용인시 수지구 푸른솔로 20,5,342,572,347,225,37.3221032474705,127.116015814547
130,용인시,수지구,죽전동,A44898312,도담마을뜨리에체,아파트,경기도 용인수지구 죽전동 414 도담마을뜨리에체,경기도 용인시 수지구 푸른솔로 49,6,430,430,168,262,37.3247649963642,127.1150844626
131,용인시,수지구,죽전동,A44816009,현대홈타운4차1단지,아파트,경기도 용인수지구 죽전동 1116 현대홈타운4차1단지,경기도 용인시 수지구 푸른솔로 55,5,351,591,208,383,37.3257852846387,127.116781371385
132,용인시,수지구,죽전동,A44854505,꽃메마을현대힐스테이트4차2단지,아파트,경기도 용인수지구 죽전동 1269 꽃메마을현대힐스테이트4차2단지,경기도 용인시 수지구 푸른솔로 56,5,254,266,39,227,37.3247644499038,127.116013136068
133,용인시,수지구,죽전동,A44816108,도담마을 한양수자인,아파트,경기도 용인수지구 죽전동 1262 도담마을 한양수자인,경기도 용인시 수지구 푸른솔로 76,4,332,347,86,261,37.3252293328574,127.118877403
134,용인시,수지구,죽전동,A44854211,우미이노스빌1차,아파트,경기도 용인수지구 죽전동 1261 우미이노스빌1차,경기도 용인시 수지구 푸른솔로 88,4,418,424,223,201,37.3259169677641,127.119892359954
135,용인시,기흥구,하갈동,A44672601,"청명호수마을신안인스빌1,2단지",아파트,"경기도 용인기흥구 하갈동 631 청명호수마을신안인스빌1,2단지",경기도 용인시 기흥구 덕영대로 1871,16,1003,1536,93,1443,37.2536308000942,127.089485497263
136,용인시,기흥구,보정동,A44656712,죽현마을아이파크1차,아파트,경기도 용인기흥구 보정동 1267 죽현마을아이파크1차,경기도 용인시 기흥구 보정로 87,15,1466,1550,464,1086,37.3174411419798,127.113298031222
137,용인시,기흥구,보정동,A44691303,죽현마을LG자이,아파트,경기도 용인기흥구 보정동 1258 죽현마을LG자이,경기도 용인시 기흥구 보정로 88,4,238,553,3,550,37.3175653531454,127.116037269166
138,용인시,기흥구,보라동,A44695301,기흥삼정,아파트,경기도 용인기흥구 보라동 289-12 기흥삼정,경기도 용인시 기흥구 사은로 64,3,299,243,125,118,37.2550925152079,127.112563315604
139,용인시,기흥구,보라동,A44690402,화성파크드림아파트,아파트,경기도 용인기흥구 보라동 633 화성파크드림아파트,경기도 용인시 기흥구 한보라2로 93,8,311,614,123,491,37.2484467878653,127.111792281652
140,용인시,기흥구,공세동,A44679603,화성파크드림프라브,연립주택,경기도 용인기흥구 공세동 676 화성파크드림프라브,경기도 용인시 기흥구 한보라2로 141,14,261,320,0,320,37.2457079413222,127.110289325998
141,용인시,기흥구,공세동,A44690203,한보라마을 경남아너스빌,아파트,경기도 용인기흥구 공세동 679 한보라마을 경남아너스빌,경기도 용인시 기흥구 한보라2로 167,8,600,542,196,346,37.2423725664651,127.10791769234
142,용인시,기흥구,공세동,A44690205,한보라마을휴먼시아7단지,아파트,경기도 용인기흥구 공세동 674 한보라마을휴먼시아7단지,경기도 용인시 기흥구 한보라2로 168,10,851,771,246,525,37.2441459576275,127.108657093653
143,용인시,수지구,상현동,A44852403,만현마을5단지현대,아파트,경기도 용인수지구 상현동 858 만현마을5단지현대,경기도 용인시 수지구 만현로 79,7,528,889,343,546,37.3092963306289,127.087125703137
144,용인시,수지구,상현동,A44852301,만현마을쌍용3차,아파트,경기도 용인수지구 상현동 852 만현마을쌍용3차,경기도 용인시 수지구 만현로 99,6,375,677,157,520,37.3068568752278,127.088452119999
145,용인시,수지구,상현동,A44852108,만현마을쌍용1차,아파트,경기도 용인수지구 상현동 850 만현마을쌍용1차,경기도 용인시 수지구 만현로 107,13,992,1353,548,805,37.3054138643226,127.089890628688
146,용인시,수지구,상현동,A44851604,만현마을두산위브,아파트,경기도 용인수지구 상현동 861 만현마을두산위브,경기도 용인시 수지구 만현로 127,8,556,1281,509,772,37.3045669037746,127.087711863009
147,용인시,수지구,풍덕천동,A44876510,초입마을삼익풍림동아,아파트,경기도 용인수지구 풍덕천동 664 초입마을삼익풍림동아,경기도 용인시 수지구 문인로 59,12,1620,761,761,0,37.3316072715362,127.096963739196
148,용인시,기흥구,보라동,A44695508,민속마을 신창미션힐,아파트,경기도 용인기흥구 보라동 558 민속마을 신창미션힐,경기도 용인시 기흥구 사은로126번길 33,14,926,1534,431,1103,37.25216946929,127.121293829145
149,용인시,기흥구,보라동,A44658209,민속마을현대모닝사이드,아파트,경기도 용인기흥구 보라동 570 민속마을현대모닝사이드,경기도 용인시 기흥구 사은로126번길 46,17,1112,1770,530,1240,37.2527177393252,127.119536406044
150,용인시,기흥구,구갈동,A10026657,기흥역 롯데캐슬레이시티,아파트,경기도 용인기흥구 구갈동  기흥역 롯데캐슬레이시티,경기도 용인시 기흥구 기흥역로 9,2,260,310,0,310,37.2748218442608,127.115337289593
151,용인시,기흥구,구갈동,A10026636,기흥역지웰푸르지오(주상복합),아파트,경기도 용인기흥구 구갈동 658 기흥역지웰푸르지오(주상복합),경기도 용인시 기흥구 기흥역로 16,4,561,640,0,640,37.2736113791937,127.114974755575
152,용인시,기흥구,구갈동,A10026083,힐스테이트기흥,아파트,경기도 용인기흥구 구갈동 660 힐스테이트기흥,경기도 용인시 기흥구 기흥역로 63,5,976,1218,1218,0,37.2748427696292,127.118778508807
153,용인시,수지구,죽전동,A44897114,대지마을현대홈타운3차2단지,아파트,경기도 용인수지구 죽전동 1118 대지마을현대홈타운3차2단지,경기도 용인시 수지구 대지로15번길 60,9,537,657,103,554,37.3330204023368,127.11474161271
154,용인시,기흥구,신갈동,A44658413,새천년그린빌주공3단지,아파트,경기도 용인기흥구 신갈동 707 새천년그린빌주공3단지,경기도 용인시 기흥구 새천년로16번길 16,9,693,717,209,508,37.2892514676663,127.109815597556
155,용인시,기흥구,서천동,A10027657,서천2차아이파크아파트,아파트,경기도 용인기흥구 서천동 755 서천2차아이파크아파트,경기도 용인시 기흥구 서천동로21번길 5,6,289,316,23,293,37.2391393204793,127.076329046868
156,용인시,수지구,죽전동,A44854807,죽전아이뷰,아파트,경기도 용인수지구 죽전동 883-1 죽전아이뷰,경기도 용인시 수지구 현암로 3,5,432,471,237,234,37.3325339272573,127.110200608355
157,용인시,수지구,상현동,A44813012,광교경남아너스빌,아파트,경기도 용인수지구 상현동 1115 광교경남아너스빌,경기도 용인시 수지구 광교마을로 2,7,700,1022,3,1019,37.2985835294125,127.067432179743
158,용인시,수지구,상현동,A44813015,광교마을45단지,아파트,경기도 용인수지구 상현동 1113 광교마을45단지,경기도 용인시 수지구 광교마을로 11,7,672,1081,0,1081,37.298078336053,127.063489837285
159,용인시,수지구,죽전동,A44816006,도담마을롯데캐슬,아파트,경기도 용인수지구 죽전동 1115 도담마을롯데캐슬,경기도 용인시 수지구 대지로 64,5,231,316,74,242,37.32828727849,127.116224131621
160,용인시,수지구,죽전동,A44816017,도담마을휴먼빌아파트,아파트,경기도 용인수지구 죽전동 1483 도담마을휴먼빌아파트,경기도 용인시 수지구 대지로 77,4,260,288,0,288,37.3300300919113,127.117644579167
161,용인시,수지구,풍덕천동,A44855001,태영데시앙2차,아파트,경기도 용인수지구 풍덕천동 1186 태영데시앙2차,경기도 용인시 수지구 풍덕천로22번길 67,6,249,249,9,240,37.3141215879111,127.082291135141
162,용인시,수지구,풍덕천동,A44899103,이스턴팰리스아파트,아파트,경기도 용인수지구 풍덕천동 240-3 이스턴팰리스아파트,경기도 용인시 수지구 풍덕천로30번길 20,3,174,501,23,478,37.316426291098,127.087268518805
163,용인시,수지구,상현동,A44852511,광교상현마을 현대아파트,아파트,경기도 용인수지구 상현동 853 광교상현마을 현대아파트,경기도 용인시 수지구 상현로 2,7,498,621,287,334,37.3017233813448,127.073033189992
164,용인시,수지구,상현동,A44852214,광교쌍용포레듀엔1단지,아파트,경기도 용인수지구 상현동 824 광교쌍용포레듀엔1단지,경기도 용인시 수지구 상현로 27,7,421,820,292,528,37.3034007906717,127.076533924181
165,용인시,수지구,상현동,A44813014,광교쌍용포레듀엔 2단지,아파트,경기도 용인수지구 상현동 828 광교쌍용포레듀엔 2단지,경기도 용인시 수지구 상현로 30-6,5,315,630,159,471,37.3018801976153,127.077234515132
166,용인시,수지구,상현동,A44851512,광교쌍용포레듀엔3단지,아파트,경기도 용인수지구 상현동 831 광교쌍용포레듀엔3단지,경기도 용인시 수지구 상현로 30-9,4,251,256,90,166,37.3015146416015,127.07874712941
167,용인시,수지구,상현동,A44851913,광교상떼빌파크뷰(구 상현마을성원상떼빌아파트),아파트,경기도 용인수지구 상현동 866 광교상떼빌파크뷰(구 상현마을성원상떼빌아파트),경기도 용인시 수지구 상현로 30-10,13,968,1760,417,1343,37.3005381667832,127.077000005339
168,용인시,수지구,상현동,A44851508,금호베스트빌2단지,아파트,경기도 용인수지구 상현동 832 금호베스트빌2단지,경기도 용인시 수지구 상현로 58,6,407,787,145,642,37.3027759618892,127.080547389653
169,용인시,수지구,상현동,A44813004,수지금호베스트빌TheEdu,아파트,경기도 용인수지구 상현동 827 수지금호베스트빌TheEdu,경기도 용인시 수지구 상현로 59,8,573,1058,305,753,37.3054508703928,127.079072481359
170,용인시,수지구,상현동,A44851503,금호베스트빌4단지,아파트,경기도 용인수지구 상현동 840 금호베스트빌4단지,경기도 용인시 수지구 상현로 67-12,3,224,563,139,424,37.3055751000214,127.080576318648
171,용인시,수지구,상현동,A44851610,상현현대성우3차,아파트,경기도 용인수지구 상현동 855 상현현대성우3차,경기도 용인시 수지구 상현로 88,5,336,653,153,500,37.3032525044105,127.083431033245
172,용인시,수지구,상현동,A44851609,상현마을현대성우1차,아파트,경기도 용인수지구 상현동 851 상현마을현대성우1차,경기도 용인시 수지구 상현로 100,9,470,788,297,491,37.3045167299046,127.084472410819
173,용인시,수지구,상현동,A44872712,수지센트럴아이파크,아파트,경기도 용인수지구 상현동 842 수지센트럴아이파크,경기도 용인시 수지구 상현로 101,14,895,1700,309,1391,37.307620805959,127.083316064975
174,용인시,수지구,상현동,A44851805,현대성우5차,아파트,경기도 용인수지구 상현동 843 현대성우5차,경기도 용인시 수지구 상현로 119-6,4,310,580,60,520,37.3095322121113,127.083896631359
175,용인시,수지구,동천동,A44851113,동천마을현대2차홈타운,아파트,경기도 용인수지구 동천동 862 동천마을현대2차홈타운,경기도 용인시 수지구 동천로63번길 10,9,1128,1126,353,773,37.3384624431927,127.097356569169
176,용인시,수지구,동천동,A44851004,래미안이스트팰리스3단지,아파트,경기도 용인수지구 동천동 932 래미안이스트팰리스3단지,경기도 용인시 수지구 동천로135번길 21,14,885,1607,54,1553,37.3340292884234,127.087424512062
177,용인시,기흥구,신갈동,A44658412,갈현마을현대홈타운,아파트,경기도 용인기흥구 신갈동 159 갈현마을현대홈타운,경기도 용인시 기흥구 관곡로 16,8,584,589,298,291,37.2811569983481,127.106551123415
178,용인시,수지구,죽전동,A44816104,새터마을모아미래도,아파트,경기도 용인수지구 죽전동 1216 새터마을모아미래도,경기도 용인시 수지구 대지로 127,4,252,272,55,217,37.3306508998433,127.122530071092
179,용인시,수지구,죽전동,A44898513,용인죽전동부센트레빌,아파트,경기도 용인수지구 죽전동 172-1 용인죽전동부센트레빌,경기도 용인시 수지구 대지로 139,7,536,570,210,360,37.3308207243492,127.12572686296
180,용인시,수지구,동천동,A44874508,풍림2차,아파트,경기도 용인수지구 동천동 176-1 풍림2차,경기도 용인시 수지구 동천로 18,2,271,273,113,160,37.3416386427247,127.099976006846
181,용인시,수지구,동천동,A44812004,동천동문6차굿모닝힐,아파트,경기도 용인수지구 동천동 913 동천동문6차굿모닝힐,경기도 용인시 수지구 동천로 53,4,220,425,0,425,37.3400462851402,127.096904395154
182,용인시,수지구,동천동,A44812014,동천동문5차굿모닝힐,아파트,경기도 용인수지구 동천동 914 동천동문5차굿모닝힐,경기도 용인시 수지구 동천로 64,15,1334,1473,202,1271,37.34097274539,127.098298727226
183,용인시,수지구,동천동,A44874401,동천마을동문3차,아파트,경기도 용인수지구 동천동 858 동천마을동문3차,경기도 용인시 수지구 동천로 93,3,181,265,53,212,37.3384365703794,127.093917526737
184,용인시,기흥구,마북동,A10026882,용인마북신원아침도시,아파트,경기도 용인기흥구 마북동 654 용인마북신원아침도시,경기도 용인시 기흥구 마북로247번길 3,3,180,186,0,186,37.3092277880156,127.130507821299
185,용인시,수지구,죽전동,A44897120,새터마을죽전힐스테이트,아파트,경기도 용인수지구 죽전동 1165 새터마을죽전힐스테이트,경기도 용인시 수지구 현암로125번길 11,23,1998,2032,422,1610,37.3336370845464,127.120082011998
186,용인시,수지구,죽전동,A44879606,죽전중앙하이츠,아파트,경기도 용인수지구 죽전동 1112 죽전중앙하이츠,경기도 용인시 수지구 현암로63번길 2,5,271,635,168,467,37.3320946107826,127.117023130661
187,용인시,기흥구,언남동,A44670301,스파팰리스리가,아파트,경기도 용인기흥구 언남동 503 스파팰리스리가,경기도 용인시 기흥구 언남로 5,8,533,730,44,686,37.2929722800738,127.123979272219
188,용인시,기흥구,언남동,A44657104,동일하이빌2차,아파트,경기도 용인기흥구 언남동 496 동일하이빌2차,경기도 용인시 기흥구 언남로 15,12,837,1495,0,1495,37.2939727333271,127.127511504781
189,용인시,수지구,죽전동,A44875510,수지벽산2단지,아파트,경기도 용인수지구 죽전동 832-1 수지벽산2단지,경기도 용인시 수지구 용구대로2771번길 66,10,684,601,282,319,37.3351174990364,127.105404087376
190,용인시,수지구,죽전동,A44875509,벽산타운1단지,아파트,경기도 용인수지구 죽전동 832 벽산타운1단지,경기도 용인시 수지구 용구대로2771번길 68,9,612,508,164,344,37.3364136934898,127.106842175165
191,용인시,수지구,죽전동,A44854601,창죽벽산첼시빌,아파트,경기도 용인수지구 죽전동 1111 창죽벽산첼시빌,경기도 용인시 수지구 용구대로2771번길 88,2,179,364,26,338,37.3374920497986,127.105331686143
192,용인시,기흥구,구갈동,A44659306,구갈가현마을신안,아파트,경기도 용인기흥구 구갈동 344 구갈가현마을신안,경기도 용인시 기흥구 관곡로 53,5,364,599,235,364,37.2835576353296,127.11230303614
193,용인시,기흥구,구갈동,A44673613,구갈한양,아파트,경기도 용인기흥구 구갈동 396 구갈한양,경기도 용인시 기흥구 구갈로28번길 21-21,10,624,591,325,266,37.2794617435937,127.113477309335
194,용인시,기흥구,구갈동,A44673303,기흥동부아파트,아파트,경기도 용인기흥구 구갈동 384-1 기흥동부아파트,경기도 용인시 기흥구 구갈로28번길 32,3,200,185,185,0,37.2764585775749,127.115250598054
195,용인시,기흥구,중동,A44671816,초당마을주공3단지,아파트,경기도 용인기흥구 중동 1041 초당마을주공3단지,경기도 용인시 기흥구 동백중앙로 41,9,816,822,451,371,37.2599992429272,127.162705131776
196,용인시,기흥구,중동,A44671805,초당마을현진에버빌,아파트,경기도 용인기흥구 중동 1045 초당마을현진에버빌,경기도 용인시 기흥구 동백중앙로 73,7,320,560,162,398,37.2625313576857,127.159855265494
197,용인시,기흥구,중동,A44691615,백현마을동일하이빌,아파트,경기도 용인기흥구 중동 874 백현마을동일하이빌,경기도 용인시 기흥구 동백중앙로 312,14,743,989,90,899,37.2795698792809,127.158221445654
198,용인시,기흥구,동백동,A44672214,호수마을계룡리슈빌,아파트,경기도 용인기흥구 동백동 604 호수마을계룡리슈빌,경기도 용인시 기흥구 동백평촌로 15,9,567,629,133,496,37.2848275447757,127.155420952554
199,용인시,기흥구,동백동,A44691108,호수마을동보노빌리티,아파트,경기도 용인기흥구 동백동 654 호수마을동보노빌리티,경기도 용인시 기흥구 동백평촌로 39,9,481,646,40,606,37.2817568676234,127.154961672508
200,용인시,기흥구,동백동,A44679510,호수마을상록롯데캐슬,아파트,경기도 용인기흥구 동백동 653 호수마을상록롯데캐슬,경기도 용인시 기흥구 동백평촌로 70,6,552,661,174,487,37.2793964829638,127.155734867915
201,용인시,기흥구,영덕동,A44678707,흥덕마을13단지경남아너스빌,아파트,경기도 용인기흥구 영덕동 1117 흥덕마을13단지경남아너스빌,경기도 용인시 기흥구 흥덕4로30번길 11,7,368,736,5,731,37.2762630808747,127.091599921079
202,용인시,기흥구,구갈동,A44657911,구갈세종그랑시아 2단지,아파트,경기도 용인기흥구 구갈동 273 구갈세종그랑시아 2단지,경기도 용인시 기흥구 기흥로38번길 34,10,194,236,3,233,37.2783686804919,127.118005460906
203,용인시,기흥구,신갈동,A44695211,도현마을현대,아파트,경기도 용인기흥구 신갈동 165 도현마을현대,경기도 용인시 기흥구 구갈로 115-16,7,568,878,361,517,37.2855318102771,127.10902679406
204,용인시,기흥구,구갈동,A44673507,구갈한성2차,아파트,경기도 용인기흥구 구갈동 385-1 구갈한성2차,경기도 용인시 기흥구 구갈로 16,7,384,126,126,0,37.2764905526883,127.112547023281
205,용인시,기흥구,보정동,A44677016,보정한화꿈에그린,아파트,경기도 용인기흥구 보정동 1393 보정한화꿈에그린,경기도 용인시 기흥구 구교동로 17,6,379,580,0,580,37.3067668017301,127.10676885593
206,용인시,기흥구,보정동,A44656506,솔뫼마을현대홈타운,아파트,경기도 용인기흥구 보정동 1169 솔뫼마을현대홈타운,경기도 용인시 기흥구 이현로30번길 7,7,382,753,612,141,37.3091076737644,127.098150516867
207,용인시,기흥구,마북동,A44677102,구성자이3차,아파트,경기도 용인기흥구 마북동 638 구성자이3차,경기도 용인시 기흥구 구교동로118번길 7,7,309,478,46,432,37.302936928161,127.118260176148
208,용인시,기흥구,영덕동,A44696703,영통빌리지,아파트,경기도 용인기흥구 영덕동 916 영통빌리지,경기도 용인시 기흥구 중부대로55번길 11,30,472,475,385,90,37.2681737532139,127.076022823788
209,용인시,기흥구,마북동,A44655904,마북우림,아파트,경기도 용인기흥구 마북동 352 마북우림,경기도 용인시 기흥구 구성로39번길 13,4,362,320,125,195,37.2964400293286,127.113073665203
210,용인시,기흥구,마북동,A10027214,용인 구성역 효성해링턴플레이스,아파트,경기도 용인기흥구 마북동 651 용인 구성역 효성해링턴플레이스,경기도 용인시 기흥구 구성로53번길 20,6,296,303,0,303,37.2967224748154,127.115990695904
211,용인시,기흥구,보정동,A10027771,샬레파인비스타 아파트,아파트,경기도 용인기흥구 보정동 1401 샬레파인비스타 아파트,경기도 용인시 기흥구 진산로 140,2,155,187,123,64,37.3216459905545,127.101697126542
212,용인시,수지구,동천동,A44874405,동문그린,아파트,경기도 용인수지구 동천동 400-1 동문그린,경기도 용인시 수지구 고기로45번길 58,1,227,227,107,120,37.3394355971719,127.092591109409
213,용인시,수지구,풍덕천동,A44876808,수지한성,아파트,경기도 용인수지구 풍덕천동 698-2 수지한성,경기도 용인시 수지구 문정로 55,10,774,356,356,0,37.3257210533848,127.092174417062
214,용인시,수지구,상현동,A44813006,수지금호베스트빌5단지,아파트,경기도 용인수지구 상현동 867 수지금호베스트빌5단지,경기도 용인시 수지구 심곡로 16,11,890,1367,376,991,37.3077681224143,127.078577793587
215,용인시,기흥구,상하동,A44677303,용인대우,아파트,경기도 용인기흥구 상하동 296 용인대우,경기도 용인시 기흥구 중부대로 735,4,432,325,142,183,37.2625014944037,127.141098726133
216,용인시,기흥구,마북동,A44691210,교동마을신창아파트,아파트,경기도 용인기흥구 마북동 143 교동마을신창아파트,경기도 용인시 기흥구 마북로 186,4,490,297,73,224,37.3054590259479,127.126780680363
217,용인시,기흥구,마북동,A44677101,마북e편한세상,아파트,경기도 용인기흥구 마북동 636 마북e편한세상,경기도 용인시 기흥구 마북로 210,8,404,584,40,544,37.3070090109714,127.128263217012
218,용인시,기흥구,신갈동,A10026093,용인기흥 우방아이유쉘 아파트,아파트,경기도 용인기흥구 신갈동 407 용인기흥 우방아이유쉘 아파트,경기도 용인시 기흥구 신정로41번길 31,7,400,434,89,345,37.2764366237461,127.100799752645
219,용인시,수지구,성복동,A10025987,성복역서희스타힐스,주상복합,경기도 용인수지구 성복동 168-10 성복역서희스타힐스,경기도 용인시 수지구 성복1로 80,2,174,210,0,210,37.3156726620216,127.071267962717
220,용인시,수지구,성복동,A44898209,성복힐스테이트1차,아파트,경기도 용인수지구 성복동 771 성복힐스테이트1차,경기도 용인시 수지구 성복1로 91,12,645,1304,157,1147,37.3147348895475,127.069715242799
221,용인시,수지구,성복동,A44853005,벽산첼시빌2,아파트,경기도 용인수지구 성복동 723 벽산첼시빌2,경기도 용인시 수지구 성복1로 107,14,951,2029,315,1714,37.3147275407863,127.065383727095
222,용인시,기흥구,동백동,A44674909,백현마을서해그랑블,아파트,경기도 용인기흥구 동백동 579 백현마을서해그랑블,경기도 용인시 기흥구 동백8로 89,8,482,530,102,428,37.2853796792812,127.161230518699
223,용인시,기흥구,동백동,A44672016,백현마을모아미래도1단지,아파트,경기도 용인기흥구 동백동 599 백현마을모아미래도1단지,경기도 용인시 기흥구 동백8로 90,10,838,1105,853,252,37.2842166067514,127.160111317632
224,용인시,기흥구,동백동,A44674813,백현마을주공7단지,아파트,경기도 용인기흥구 동백동 581 백현마을주공7단지,경기도 용인시 기흥구 동백8로 103,6,561,572,237,335,37.2850106257459,127.163846827571
225,용인시,기흥구,동백동,A44672003,백현마을모아미래도2단지,아파트,경기도 용인기흥구 동백동 593 백현마을모아미래도2단지,경기도 용인시 기흥구 동백8로 126,5,336,342,155,187,37.2822444950203,127.164066243807
226,용인시,수지구,죽전동,A44816014,도담마을9단지죽전파크빌,아파트,경기도 용인수지구 죽전동 339 도담마을9단지죽전파크빌,경기도 용인시 수지구 정든로 22,5,561,440,200,240,37.3276836869479,127.115846685568
227,용인시,수지구,상현동,A10027047,용인수지동도센트리움 아파트,도시형 생활주택(아파트),경기도 용인수지구 상현동 1203 용인수지동도센트리움 아파트,경기도 용인시 수지구 이현로 125,1,168,168,52,116,37.3128965349075,127.090448351574
228,용인시,수지구,죽전동,A44897218,꽃메마을현대홈타운4차3단지,아파트,경기도 용인수지구 죽전동 1304 꽃메마을현대홈타운4차3단지,경기도 용인시 수지구 죽전로 87,11,770,788,691,97,37.3226931003233,127.118073716176
229,용인시,수지구,죽전동,A44897402,꽃메마을한라프로방스,아파트,경기도 용인수지구 죽전동 1306 꽃메마을한라프로방스,경기도 용인시 수지구 죽전로 111,3,195,343,67,276,37.3237783132207,127.119232659534
230,용인시,수지구,죽전동,A44897403,꽃메마을극동스타클래스,아파트,경기도 용인수지구 죽전동 1311 꽃메마을극동스타클래스,경기도 용인시 수지구 죽전로 116,3,196,334,51,283,37.3229002059675,127.121847765065
231,용인시,수지구,죽전동,A44816011,꽃메마을아이파크2차,아파트,경기도 용인수지구 죽전동 1307 꽃메마을아이파크2차,경기도 용인시 수지구 죽전로 121,5,374,621,231,390,37.3236619856559,127.12030510085
232,용인시,수지구,죽전동,A44895022,성현마을광명샤인빌,아파트,경기도 용인수지구 죽전동 1355 성현마을광명샤인빌,경기도 용인시 수지구 디지털벨리로 5,3,192,221,31,190,37.3280362615077,127.131856973928
233,용인시,기흥구,상갈동,A44695607,금화마을주공6단지,아파트,경기도 용인기흥구 상갈동 480 금화마을주공6단지,경기도 용인시 기흥구 금화로11번길 9,3,228,237,84,153,37.262168898647,127.105366375032
234,용인시,기흥구,상갈동,A44695804,금화마을주공3단지,아파트,경기도 용인기흥구 상갈동 481 금화마을주공3단지,경기도 용인시 기흥구 금화로11번길 10,10,1070,1079,254,825,37.2624627769001,127.107219332889
235,용인시,수지구,성복동,A44898203,버들치마을 경남아너스빌1차,아파트,경기도 용인수지구 성복동 753 버들치마을 경남아너스빌1차,경기도 용인시 수지구 성복1로 157,12,816,1213,349,864,37.3159379794128,127.06274043236
236,용인시,수지구,성복동,A44898211,성복아이파크,아파트,경기도 용인수지구 성복동 780 성복아이파크,경기도 용인시 수지구 성복1로 222,7,351,491,58,433,37.3221480267536,127.061648169477
237,용인시,수지구,성복동,A44898007,수지LG빌리지1차,아파트,경기도 용인수지구 성복동 155 수지LG빌리지1차,경기도 용인시 수지구 성복2로 86,17,1164,3277,635,2642,37.31695333469,127.07528876261
238,용인시,기흥구,동백동,A44674515,백현마을경남아너스빌,아파트,경기도 용인기흥구 동백동 583 백현마을경남아너스빌,경기도 용인시 기흥구 동백8로131번길 9,7,600,667,330,337,37.2828580305422,127.164442515197
239,용인시,기흥구,동백동,A44691118,백현마을주공9단지,아파트,경기도 용인기흥구 동백동 584 백현마을주공9단지,경기도 용인시 기흥구 동백8로131번길 20,12,981,989,472,517,37.2833618682198,127.16652141053
240,용인시,수지구,성복동,A44898207,버들치마을경남아너스빌2차,아파트,경기도 용인수지구 성복동 754 버들치마을경남아너스빌2차,경기도 용인시 수지구 성복1로163번길 11,5,214,329,32,297,37.3159552995459,127.060977964558
241,용인시,수지구,성복동,A44898204,버들치마을힐스테이트2차,아파트,경기도 용인수지구 성복동 759 버들치마을힐스테이트2차,경기도 용인시 수지구 성복1로164번길 13,10,689,1447,141,1306,37.3183227202926,127.064298835594
242,용인시,수지구,성복동,A44898205,성복자이1차,아파트,경기도 용인수지구 성복동 758 성복자이1차,경기도 용인시 수지구 성복1로164번길 20,12,719,1275,203,1072,37.3176034747725,127.064868055335
243,용인시,수지구,죽전동,A44854215,성현마을우미2차,아파트,경기도 용인수지구 죽전동 1329 성현마을우미2차,경기도 용인시 수지구 죽전로 143,8,538,538,258,280,37.3248994660764,127.12396897438
244,용인시,수지구,죽전동,A44816016,죽전현대1차,아파트,경기도 용인수지구 죽전동 89-1 죽전현대1차,경기도 용인시 수지구 죽전로 244,8,702,705,218,487,37.3324293267349,127.130723409382
245,용인시,수지구,죽전동,A44853819,죽전건영캐스빌,아파트,경기도 용인수지구 죽전동 1182 죽전건영캐스빌,경기도 용인시 수지구 죽전로 267,19,1254,2035,259,1776,37.334953392727,127.126066294742
246,용인시,수지구,죽전동,A44816007,더리버하임,아파트,경기도 용인수지구 죽전동 454 더리버하임,경기도 용인시 수지구 대지로 19,3,336,345,176,169,37.327872639172,127.111813264774
247,용인시,수지구,죽전동,A44875107,수지한신,아파트,경기도 용인수지구 죽전동 453-1 수지한신,경기도 용인시 수지구 대지로 27,3,311,329,218,111,37.3281317963022,127.113118995999
248,용인시,기흥구,중동,A44672417,참솔마을월드메르디앙,아파트,경기도 용인기흥구 중동 819 참솔마을월드메르디앙,경기도 용인시 기흥구 동백죽전대로 283,11,966,1172,90,1082,37.2633044322536,127.153954452763
249,용인시,수지구,죽전동,A44816005,내대지마을주공5단지,아파트,경기도 용인수지구 죽전동 1367 내대지마을주공5단지,경기도 용인시 수지구 디지털벨리로 21,3,225,227,105,122,37.329872375806,127.132348302732
250,용인시,기흥구,서천동,A44670101,서그내마을서천아이파크,아파트,경기도 용인기흥구 서천동 708 서그내마을서천아이파크,경기도 용인시 기흥구 서그내로16번길 14,6,243,441,0,441,37.2456694256064,127.072374832462
251,용인시,기흥구,서천동,A10026964,영통로 효성해링턴 플레이스 아파트,아파트,경기도 용인기흥구 서천동 828 영통로 효성해링턴 플레이스 아파트,경기도 용인시 기흥구 서그내로16번길 30,7,640,701,80,621,37.2454907178065,127.070332164053
252,용인시,수지구,죽전동,A44854309,대지마을2차현대홈타운,아파트,경기도 용인수지구 죽전동 1110 대지마을2차현대홈타운,경기도 용인시 수지구 현암로 54,4,346,418,217,201,37.3312019365771,127.114653204506
253,용인시,수지구,상현동,A44851511,광교상록자이,아파트,경기도 용인수지구 상현동 1134 광교상록자이,경기도 용인시 수지구 광교마을로 62,10,1035,1410,4,1406,37.2980951617498,127.071136107425
254,용인시,수지구,상현동,A44813010,광교휴먼시아41단지,아파트,경기도 용인수지구 상현동 1135 광교휴먼시아41단지,경기도 용인시 수지구 광교마을로 90,9,1117,985,369,616,37.2952051161118,127.075593136434
255,용인시,기흥구,공세동,A44679604,성원상떼레이크뷰,아파트,경기도 용인기흥구 공세동 692 성원상떼레이크뷰,경기도 용인시 기흥구 동탄기흥로 864,7,345,1035,98,937,37.235891750118,127.102908340046
256,용인시,수지구,신봉동,A44853607,동일하이빌2단지,아파트,경기도 용인수지구 신봉동 987 동일하이빌2단지,경기도 용인시 수지구 신봉3로11번길 10-7,8,232,434,0,434,37.3260921140314,127.067594630185
257,용인시,수지구,신봉동,A44853609,동일하이빌4단지,아파트,경기도 용인수지구 신봉동 976 동일하이빌4단지,경기도 용인시 수지구 신봉3로12번길 9,13,636,1219,0,1219,37.3302199204965,127.064862201305
258,용인시,수지구,풍덕천동,A10027717,래미안수지이스트파크,아파트,경기도 용인수지구 풍덕천동 1198 래미안수지이스트파크,경기도 용인시 수지구 신수로683번길 19,11,845,1074,0,1074,37.329987610414,127.099313461978
259,용인시,수지구,동천동,A44812002,보뜨랑마을벽산블루밍,아파트,경기도 용인수지구 동천동 912 보뜨랑마을벽산블루밍,경기도 용인시 수지구 신수로783번길 50,3,182,192,37,155,37.3425443581459,127.098795974794
260,용인시,기흥구,공세동,A44695002,호수청구,아파트,경기도 용인기흥구 공세동 382-1 호수청구,경기도 용인시 기흥구 공세로 226,7,498,364,167,197,37.2400290211559,127.102562903765
261,용인시,기흥구,고매동,A44673204,용인세원,아파트,경기도 용인기흥구 고매동 385-1 용인세원,경기도 용인시 기흥구 공세로 76,2,320,308,159,149,37.2314220538897,127.109696063763
262,용인시,기흥구,마북동,A44677208,교동마을정광,아파트,경기도 용인기흥구 마북동 204-5 교동마을정광,경기도 용인시 기흥구 마북로154번길 16,6,478,490,249,241,37.3024827565463,127.125738100181
263,용인시,수지구,풍덕천동,A44817101,수지건영,아파트,경기도 용인수지구 풍덕천동 694 수지건영,경기도 용인시 수지구 수풍로23번길 25,3,190,195,111,84,37.3270146379688,127.086358717652
264,용인시,수지구,신봉동,A44853606,신봉센트레빌1단지,아파트,경기도 용인수지구 신봉동 959 신봉센트레빌1단지,경기도 용인시 수지구 신봉1로172번길 8,5,298,267,5,262,37.3287865414389,127.069648225532
265,용인시,기흥구,서천동,A10026701,용인서천효성해링턴플레이스,아파트,경기도 용인기흥구 서천동 834 용인서천효성해링턴플레이스,경기도 용인시 기흥구 서그내로 31,7,458,541,0,541,37.2451107968065,127.075235718937
266,용인시,수지구,상현동,A44851707,만현마을1단지롯데캐슬,아파트,경기도 용인수지구 상현동 859 만현마을1단지롯데캐슬,경기도 용인시 수지구 만현로 25,12,992,1562,555,1007,37.3112178333858,127.090073064781
267,용인시,기흥구,상하동,A44691401,지석마을진흥더루벤스1단지,아파트,경기도 용인기흥구 상하동 659 지석마을진흥더루벤스1단지,경기도 용인시 기흥구 중부대로746번길 20,4,200,460,53,407,37.2606192382548,127.136781689486
268,용인시,기흥구,상하동,A44691407,지석마을진흥더루벤스2차,아파트,경기도 용인기흥구 상하동 660 지석마을진흥더루벤스2차,경기도 용인시 기흥구 중부대로746번길 21,13,851,1320,73,1247,37.2604849291054,127.138070181087
269,용인시,기흥구,상갈동,A44695803,금화마을주공4단지,아파트,경기도 용인기흥구 상갈동 463 금화마을주공4단지,경기도 용인시 기흥구 금화로58번길 10,8,742,751,111,640,37.2621614363767,127.109518545757
270,용인시,기흥구,상갈동,A44695601,금화마을대우현대,아파트,경기도 용인기흥구 상갈동 461 금화마을대우현대,경기도 용인시 기흥구 금화로82번길 14,12,664,948,381,567,37.2647013177693,127.110847444307
271,용인시,기흥구,상갈동,A44695802,금화마을주공5단지,아파트,경기도 용인기흥구 상갈동 454 금화마을주공5단지,경기도 용인시 기흥구 금화로82번길 17,10,681,681,166,515,37.2661944455713,127.111793032675
272,용인시,기흥구,영덕동,A44674004,청현마을 두진,아파트,경기도 용인기흥구 영덕동 13 청현마을 두진,경기도 용인시 기흥구 덕영대로2077번길 8,4,541,376,227,149,37.2690334569471,127.095855224609
273,용인시,기흥구,영덕동,A44674105,영덕신일,아파트,경기도 용인기흥구 영덕동 14-11 영덕신일,경기도 용인시 기흥구 덕영대로2077번길 20,11,901,919,432,487,37.2675557588544,127.096287742686
274,용인시,기흥구,영덕동,A44659101,청현마을기흥데시앙,아파트,경기도 용인기흥구 영덕동 947 청현마을기흥데시앙,경기도 용인시 기흥구 덕영대로2077번길 53,7,400,405,160,245,37.2651606454878,127.093546638446
275,용인시,기흥구,영덕동,A44659102,대명레이크빌,아파트,경기도 용인기흥구 영덕동 946 대명레이크빌,경기도 용인시 기흥구 덕영대로2077번길 55,7,401,411,137,274,37.2653390169452,127.092212720784
276,용인시,기흥구,공세동,A44679601,탑실마을대주피오레1단지,아파트,경기도 용인기흥구 공세동 694 탑실마을대주피오레1단지,경기도 용인시 기흥구 탑실로 15,9,710,1432,0,1432,37.2390627712733,127.107802867191
277,용인시,기흥구,공세동,A44679602,공세대주피오레2단지,아파트,경기도 용인기흥구 공세동 714 공세대주피오레2단지,경기도 용인시 기흥구 탑실로 152,15,1290,2926,0,2926,37.2438517617465,127.120931223097
278,용인시,기흥구,서천동,A44670104,서천마을쌍용예가,아파트,경기도 용인기흥구 서천동 823 서천마을쌍용예가,경기도 용인시 기흥구 서천동로 60,11,556,599,508,91,37.2355510623789,127.075095831711
279,용인시,수지구,상현동,A44852405,성복역 아이파크,아파트,경기도 용인수지구 상현동 857 성복역 아이파크,경기도 용인시 수지구 상현로 142,11,584,703,110,593,37.3107490147914,127.085095301061
280,용인시,기흥구,중동,A44675411,성산마을서해그랑블,아파트,경기도 용인기흥구 중동 860 성산마을서해그랑블,경기도 용인시 기흥구 동백4로 26,10,564,1053,183,870,37.2715113932588,127.155462690092
281,용인시,기흥구,중동,A44675001,어은목마을한라비발디3단지,아파트,경기도 용인기흥구 중동 956 어은목마을한라비발디3단지,경기도 용인시 기흥구 동백4로 72,4,248,456,95,361,37.2708819348205,127.157433773015
282,용인시,기흥구,중동,A44674613,성산마을신영지웰,아파트,경기도 용인기흥구 중동 870 성산마을신영지웰,경기도 용인시 기흥구 동백5로 41,10,590,979,200,779,37.2759193992434,127.154890510455
283,용인시,기흥구,중동,A44679103,백현마을상록롯데캐슬,아파트,경기도 용인기흥구 중동 878 백현마을상록롯데캐슬,경기도 용인시 기흥구 동백5로 79,4,295,427,137,290,37.277304266373,127.157372954143
284,용인시,수지구,상현동,A10026933,광교레이크포레아파트,아파트,경기도 용인수지구 상현동 1204 광교레이크포레아파트,경기도 용인시 수지구 광교호수로 431,3,235,268,9,259,37.3026023385572,127.08416392288
285,용인시,기흥구,구갈동,A44673401,구갈우림,아파트,경기도 용인기흥구 구갈동 404-2 구갈우림,경기도 용인시 기흥구 신구로42번길 15,1,150,106,49,57,37.2763076829334,127.111264173511
286,용인시,기흥구,구갈동,A44673402,풍림고층,아파트,경기도 용인기흥구 구갈동 405-1 풍림고층,경기도 용인시 기흥구 신구로42번길 22,1,180,121,71,50,37.275674254595,127.111739623189
287,용인시,수지구,죽전동,A44854110,꽃메마을한라신영프로방스,아파트,경기도 용인수지구 죽전동 1302 꽃메마을한라신영프로방스,경기도 용인시 수지구 죽전로27번길 14-30,5,388,661,60,601,37.3212463544349,127.113706289114
288,용인시,수지구,죽전동,A44879317,죽전주공8단지,아파트,경기도 용인수지구 죽전동 1279 죽전주공8단지,경기도 용인시 수지구 죽전로27번길 60,7,643,641,317,324,37.325852256569,127.112287195228
289,용인시,기흥구,고매동,A44673103,기흥써니밸리,아파트,경기도 용인기흥구 고매동 883 기흥써니밸리,경기도 용인시 기흥구 고매로 16,4,171,193,0,193,37.2312068798664,127.110957845049
290,용인시,기흥구,고매동,A44673102,기흥동성,아파트,경기도 용인기흥구 고매동 359 기흥동성,경기도 용인시 기흥구 고매로 26,2,216,217,139,78,37.2311643641017,127.11218674511
291,용인시,수지구,성복동,A44898202,푸른마을푸르지오,아파트,경기도 용인수지구 성복동 741 푸른마을푸르지오,경기도 용인시 수지구 성복2로76번길 31,9,430,866,95,771,37.315676733321,127.079716297203
292,용인시,수지구,성복동,A10026460,수지 성복 효성해링턴코트,아파트,경기도 용인수지구 성복동 558-31 수지 성복 효성해링턴코트,경기도 용인시 수지구 성복1로281번길 20,16,236,310,217,93,37.3252174638868,127.052135737832
293,용인시,기흥구,동백동,A44674712,호수마을서해그랑블,아파트,경기도 용인기흥구 동백동 656 호수마을서해그랑블,경기도 용인시 기흥구 동백7로 56,9,536,594,155,439,37.2817373119883,127.157828383583
294,용인시,기흥구,영덕동,A44690806,휴먼시아흥덕마을1단지,아파트,경기도 용인기흥구 영덕동 980 휴먼시아흥덕마을1단지,경기도 용인시 기흥구 흥덕1로79번길 9,15,1254,1016,502,514,37.2755121533177,127.070852363355
295,용인시,기흥구,영덕동,A44678710,호반써밋 레이크파크,아파트,경기도 용인기흥구 영덕동 976 호반써밋 레이크파크,경기도 용인시 기흥구 흥덕1로79번길 37,8,527,587,30,557,37.277975571288,127.070593415212
296,용인시,기흥구,영덕동,A44678703,광교레이크스위첸,아파트,경기도 용인기흥구 영덕동 971 광교레이크스위첸,경기도 용인시 기흥구 흥덕2로117번길 14,9,502,560,14,546,37.2790005717998,127.072420377421
297,용인시,기흥구,영덕동,A44678713,용인흥덕아델리움8단지,아파트,경기도 용인기흥구 영덕동 961 용인흥덕아델리움8단지,경기도 용인시 기흥구 흥덕2로118번길 25,7,474,523,0,523,37.2782697708764,127.077078008295
298,용인시,기흥구,영덕동,A44678702,흥덕우미린레이크포레,아파트,경기도 용인기흥구 영덕동 963 흥덕우미린레이크포레,경기도 용인시 기흥구 흥덕2로118번길 26,6,486,617,14,603,37.2773277008991,127.077404490044
299,용인시,기흥구,신갈동,A44659508,원대마을한신아파트,아파트,경기도 용인기흥구 신갈동 17-15 원대마을한신아파트,경기도 용인시 기흥구 신갈로 102,6,367,483,164,319,37.276052048159,127.106774058122
300,용인시,기흥구,농서동,A44671101,서천마을휴먼시아3단지,아파트,경기도 용인기흥구 농서동 395 서천마을휴먼시아3단지,경기도 용인시 기흥구 서천서로 125,10,980,841,381,460,37.2354638499494,127.070235398311
301,용인시,기흥구,서천동,A44670103,센트럴파크원,아파트,경기도 용인기흥구 서천동 736 센트럴파크원,경기도 용인시 기흥구 서천서로 27,14,826,880,177,703,37.2400643062814,127.071314487412
302,용인시,기흥구,신갈동,A44658609,새천년그린빌주공1단지,아파트,경기도 용인기흥구 신갈동 681 새천년그린빌주공1단지,경기도 용인시 기흥구 새천년로 13,7,414,430,198,232,37.289575361912,127.110620709808
303,용인시,기흥구,신갈동,A44658601,새천년그린빌주공2단지,아파트,경기도 용인기흥구 신갈동 682 새천년그린빌주공2단지,경기도 용인시 기흥구 새천년로 27,4,238,242,135,107,37.290213058126,127.111738001307
304,용인시,기흥구,신갈동,A44658715,파크시엘아파트,아파트,경기도 용인기흥구 신갈동 703 파크시엘아파트,경기도 용인시 기흥구 새천년로 40,14,923,947,328,619,37.2882245520391,127.114198561785
305,용인시,기흥구,신갈동,A44658913,양현마을신안풍림,아파트,경기도 용인기흥구 신갈동 158 양현마을신안풍림,경기도 용인시 기흥구 산양로 17,14,776,788,282,506,37.2848705435733,127.106446862302
306,용인시,기흥구,청덕동,A44657505,물푸레마을휴먼시아1단지,아파트,경기도 용인기흥구 청덕동 513 물푸레마을휴먼시아1단지,경기도 용인시 기흥구 구성2로 52,8,618,545,201,344,37.2952364873062,127.147262943559
307,용인시,기흥구,청덕동,A44691506,물푸레마을휴먼시아2단지,아파트,경기도 용인기흥구 청덕동 506 물푸레마을휴먼시아2단지,경기도 용인시 기흥구 구성3로 37,6,389,343,151,192,37.295534418755,127.149523802711
308,용인시,기흥구,청덕동,A44657504,물푸레마을휴먼시아5단지,아파트,경기도 용인기흥구 청덕동 503 물푸레마을휴먼시아5단지,경기도 용인시 기흥구 구성3로 38,11,712,658,259,399,37.2955017961538,127.151441268974
309,용인시,기흥구,보정동,A44679308,연원마을삼성명가타운,아파트,경기도 용인기흥구 보정동 1177 연원마을삼성명가타운,경기도 용인시 기흥구 용구대로 2460,11,424,516,109,407,37.3049734360163,127.107305714974
310,용인시,기흥구,마북동,A44656211,교동마을현대홈타운,아파트,경기도 용인기흥구 마북동 630 교동마을현대홈타운,경기도 용인시 기흥구 마북로 124-9,14,795,1503,217,1286,37.3006967151864,127.124638352473
311,용인시,기흥구,구갈동,A44658010,강남마을코오롱하늘채,아파트,경기도 용인기흥구 구갈동 597 강남마을코오롱하늘채,경기도 용인시 기흥구 강남동로 20,6,530,640,284,356,37.269755501324,127.127939220502
312,용인시,기흥구,구갈동,A44658008,"강남마을자연앤4,6단지",아파트,"경기도 용인기흥구 구갈동 600 강남마을자연앤4,6단지",경기도 용인시 기흥구 강남동로 43,10,781,1101,417,684,37.2703792957009,127.132763854106
313,용인시,기흥구,구갈동,A44657809,구갈강남마을 계룡리슈빌,아파트,경기도 용인기흥구 구갈동 604 구갈강남마을 계룡리슈빌,경기도 용인시 기흥구 강남동로 54,7,528,555,71,484,37.2690085523411,127.133476351771
314,용인시,기흥구,상하동,A44671901,용인구갈8,아파트,경기도 용인기흥구 상하동 636 용인구갈8,경기도 용인시 기흥구 강남동로 92,13,1176,971,539,432,37.2705240589733,127.135340228322
315,용인시,기흥구,상하동,A44658108,강남마을9단지한라비발디,아파트,경기도 용인기흥구 상하동 630 강남마을9단지한라비발디,경기도 용인시 기흥구 강남동로 128,8,890,1040,392,648,37.276432139191,127.137174942641
316,용인시,기흥구,영덕동,A44678711,동원로얄듀크,아파트,경기도 용인기흥구 영덕동 958 동원로얄듀크,경기도 용인시 기흥구 흥덕중앙로105번길 24,9,720,961,12,949,37.2776395288418,127.079611445893
317,용인시,기흥구,영덕동,A44678701,흥덕우남퍼스트빌리젠트,연립주택,경기도 용인기흥구 영덕동 953 흥덕우남퍼스트빌리젠트,경기도 용인시 기흥구 흥덕중앙로105번길 40,7,153,482,0,482,37.2808919659532,127.082183227258
318,용인시,기흥구,영덕동,A44678706,흥덕11단지경남아너스빌,아파트,경기도 용인기흥구 영덕동 952 흥덕11단지경남아너스빌,경기도 용인시 기흥구 흥덕중앙로105번길 41,10,545,1075,106,969,37.2810160867146,127.076604054775
319,용인시,기흥구,동백동,A44672805,백현마을코아루,아파트,경기도 용인기흥구 동백동 661 백현마을코아루,경기도 용인시 기흥구 동백7로 80,6,414,575,53,522,37.2814522857064,127.159261891494
320,용인시,기흥구,동백동,A44672102,백현마을한라비발디2단지,아파트,경기도 용인기흥구 동백동 662 백현마을한라비발디2단지,경기도 용인시 기흥구 동백7로 96,5,304,422,100,322,37.2802869728537,127.160794549979
321,용인시,기흥구,동백동,A44672104,백현마을한라비발디1단지,아파트,경기도 용인기흥구 동백동 596 백현마을한라비발디1단지,경기도 용인시 기흥구 동백7로 97,6,342,377,111,266,37.2810529120118,127.16134915975
322,용인시,기흥구,동백동,A44691106,호수마을자연앤데시앙,아파트,경기도 용인기흥구 동백동 572 호수마을자연앤데시앙,경기도 용인시 기흥구 동백8로 9,7,432,486,188,298,37.2860935473459,127.151565178041
323,용인시,기흥구,동백동,A44691101,호수마을월드메르디앙,아파트,경기도 용인기흥구 동백동 574 호수마을월드메르디앙,경기도 용인시 기흥구 동백8로 19,6,286,320,77,243,37.2873730253561,127.153519576544
324,용인시,기흥구,동백동,A44674410,휴먼시아5단지,아파트,경기도 용인기흥구 동백동 575 휴먼시아5단지,경기도 용인시 기흥구 동백8로 27,6,488,547,244,303,37.2861827077025,127.154248576494
325,용인시,기흥구,동백동,A44691117,호수마을주공3단지,아파트,경기도 용인기흥구 동백동 602 호수마을주공3단지,경기도 용인시 기흥구 동백8로 64,10,898,909,441,468,37.283449259189,127.157374021271
326,용인시,수지구,성복동,A44898103,엘지빌리지2차,아파트,경기도 용인수지구 성복동 90 엘지빌리지2차,경기도 용인시 수지구 수지로113번길 15,8,758,1530,406,1124,37.3130870956522,127.075416893363
327,용인시,수지구,성복동,A44898201,수지강남빌리지,아파트,경기도 용인수지구 성복동 84 수지강남빌리지,경기도 용인시 수지구 수지로113번길 16,8,428,735,220,515,37.3144340019255,127.076894709505
328,용인시,기흥구,마북동,A44656209,교동마을현대,아파트,경기도 용인기흥구 마북동 625 교동마을현대,경기도 용인시 기흥구 마북로 139,10,486,868,174,694,37.3027601328363,127.12023953873
329,용인시,기흥구,마북동,A44677103,교동마을동양파라곤,아파트,경기도 용인기흥구 마북동 641 교동마을동양파라곤,경기도 용인시 기흥구 마북로 140,8,278,498,0,498,37.301602343532,127.12274438066
330,용인시,기흥구,보라동,A44690406,한보라 더힐,아파트,경기도 용인기흥구 보라동 620 한보라 더힐,경기도 용인시 기흥구 한보라1로 91,11,762,837,337,500,37.2479667393955,127.106282330996
331,용인시,기흥구,보정동,A44656607,신촌마을포스홈타운2단지,아파트,경기도 용인기흥구 보정동 1298 신촌마을포스홈타운2단지,경기도 용인시 기흥구 신촌로47번길 11,8,423,806,250,556,37.3086309651906,127.108734928999
332,용인시,기흥구,상하동,A44691704,수원동마을쌍용스윗닷홈2단지,아파트,경기도 용인기흥구 상하동 652 수원동마을쌍용스윗닷홈2단지,경기도 용인시 기흥구 중부대로788번길 15,7,465,620,244,376,37.2561440980568,127.141252685109
333,용인시,기흥구,상하동,A44694209,수원동마을쌍용아파트,아파트,경기도 용인기흥구 상하동 621 수원동마을쌍용아파트,경기도 용인시 기흥구 중부대로788번길 22,18,1342,1883,543,1340,37.2575204651343,127.140474627322
334,용인시,수지구,죽전동,A44875506,벽산타운3단지,아파트,경기도 용인수지구 죽전동 855 벽산타운3단지,경기도 용인시 수지구 용구대로2801번길 16,5,425,355,135,220,37.3353598938799,127.10689101026
335,용인시,수지구,죽전동,A44875508,벽산,아파트,경기도 용인수지구 죽전동 952 벽산,경기도 용인시 수지구 용구대로2801번길 41,3,465,519,271,248,37.3342846372483,127.104737615065
336,용인시,수지구,성복동,A44853108,성동마을 엘지빌리지3차,아파트,경기도 용인수지구 성복동 726 성동마을 엘지빌리지3차,경기도 용인시 수지구 성복2로 126,15,1234,3018,504,2514,37.318624249987,127.071894854674
337,용인시,수지구,성복동,A44853206,성동마을엘지빌리지6차,아파트,경기도 용인수지구 성복동 731 성동마을엘지빌리지6차,경기도 용인시 수지구 성복2로 158,14,956,2064,381,1683,37.3191315368797,127.070840827626
338,용인시,수지구,성복동,A44814002,수지자이아파트,아파트,경기도 용인수지구 성복동 752 수지자이아파트,경기도 용인시 수지구 성복2로 174,12,680,1298,326,972,37.3215024435241,127.068981158302
339,용인시,수지구,성복동,A44898208,성복센트럴자이아파트,아파트,경기도 용인수지구 성복동 762 성복센트럴자이아파트,경기도 용인시 수지구 성복2로 184,10,500,967,98,869,37.3191183396399,127.067364215021
340,용인시,기흥구,청덕동,A44691505,구성휴먼시아물푸레마을휴먼시아3단지,아파트,경기도 용인기흥구 청덕동 488 구성휴먼시아물푸레마을휴먼시아3단지,경기도 용인시 기흥구 구성3로 65,35,988,1075,443,632,37.2998817515135,127.149441951314
341,용인시,수지구,상현동,A44851612,상현엘지자이,아파트,경기도 용인수지구 상현동 869 상현엘지자이,경기도 용인시 수지구 만현로133번길 33,12,1034,1406,453,953,37.3047866854939,127.090792931685
342,용인시,수지구,상현동,A44852602,만현마을2단지현대아이파크,아파트,경기도 용인수지구 상현동 856 만현마을2단지현대아이파크,경기도 용인시 수지구 만현로67번길 9,5,404,743,440,303,37.3094917471565,127.087881148897
343,용인시,수지구,상현동,A44813003,만현마을3단지성원상떼빌,아파트,경기도 용인수지구 상현동 864 만현마을3단지성원상떼빌,경기도 용인시 수지구 만현로67번길 19,8,554,681,226,455,37.3094874133331,127.090404899185
344,용인시,수지구,죽전동,A44816101,진흥더블파크,아파트,경기도 용인수지구 죽전동 1381 진흥더블파크,경기도 용인시 수지구 죽전로254번길 29,4,160,274,89,185,37.3332427881518,127.131607897612
345,용인시,수지구,신봉동,A44815011,엘지자이1차,아파트,경기도 용인수지구 신봉동 873 엘지자이1차,경기도 용인시 수지구 신봉2로 26,24,1990,3106,91,3015,37.3254455462494,127.077699444274
346,용인시,수지구,신봉동,A10027904,웰스톤시티,도시형 생활주택(아파트),경기도 용인수지구 신봉동 925 웰스톤시티,경기도 용인시 수지구 신봉2로 60,4,265,201,0,201,37.3277943445971,127.074640193937
347,용인시,수지구,신봉동,A44815010,엘지신봉자이2차,아파트,경기도 용인수지구 신봉동 911 엘지신봉자이2차,경기도 용인시 수지구 신봉2로 72,22,1626,2589,173,2416,37.3285206048701,127.073006201223
348,용인시,수지구,신봉동,A10027893,광교산자이아파트,아파트,경기도 용인수지구 신봉동 796-1 광교산자이아파트,경기도 용인시 수지구 신봉2로 93,7,445,581,0,581,37.3285439119413,127.071580025863
349,용인시,기흥구,중동,A44657406,어정마을서희삼정,아파트,경기도 용인기흥구 중동 817 어정마을서희삼정,경기도 용인시 기흥구 언동로 193-26,6,390,476,139,337,37.2793066011735,127.144622107595
350,용인시,기흥구,중동,A10027209,신동백동도센트리움,아파트,경기도 용인기흥구 중동 1140 신동백동도센트리움,경기도 용인시 기흥구 언동로 207,2,254,181,80,101,37.2775460815233,127.143865530133
351,용인시,기흥구,신갈동,A44673805,드림랜드,아파트,경기도 용인기흥구 신갈동 116-2 드림랜드,경기도 용인시 기흥구 용구대로2152번길 39,2,299,220,220,0,37.2802198818253,127.109843406507
352,용인시,기흥구,마북동,A44655902,용화마을태영데시앙,아파트,경기도 용인기흥구 마북동 619 용화마을태영데시앙,경기도 용인시 기흥구 구성로 44-10,7,321,388,145,243,37.2935974982875,127.113762894095
353,용인시,기흥구,청덕동,A44691504,물푸레마을휴먼시아9단지,아파트,경기도 용인기흥구 청덕동 569 물푸레마을휴먼시아9단지,경기도 용인시 기흥구 구성로 392,13,948,831,335,496,37.291712336195,127.154485418769
354,용인시,기흥구,청덕동,A44657507,물푸레마을휴먼시아7단지,아파트,경기도 용인기흥구 청덕동 565 물푸레마을휴먼시아7단지,경기도 용인시 기흥구 구성로 395,6,398,436,87,349,37.2931593253879,127.151617696712
355,용인시,기흥구,청덕동,A44691502,호반베르디움,아파트,경기도 용인기흥구 청덕동 567 호반베르디움,경기도 용인시 기흥구 구성로 411,7,308,544,47,497,37.2929253913132,127.153593788736
356,용인시,기흥구,청덕동,A44691501,물푸레마을경남아너스빌,아파트,경기도 용인기흥구 청덕동 497 물푸레마을경남아너스빌,경기도 용인시 기흥구 구성로 470,4,240,431,132,299,37.2970870890748,127.15360146072
357,용인시,기흥구,청덕동,A44657506,구성더포레스트,아파트,경기도 용인기흥구 청덕동 499 구성더포레스트,경기도 용인시 기흥구 구성로 475,6,367,403,81,322,37.2954772356295,127.153579691059
358,용인시,기흥구,마북동,A44693605,연원마을엘지,아파트,경기도 용인기흥구 마북동 526-3 연원마을엘지,경기도 용인시 기흥구 연원로 5,7,396,526,114,412,37.3013629715323,127.107915862695
359,용인시,수지구,상현동,A44813005,벽산블루밍,아파트,경기도 용인수지구 상현동 99 벽산블루밍,경기도 용인시 수지구 수지로 68,8,631,645,142,503,37.3087591030814,127.077999471009
360,용인시,수지구,상현동,A44851510,광교힐스테이트,아파트,경기도 용인수지구 상현동 1099 광교힐스테이트,경기도 용인시 수지구 수지로 75,16,860,1679,145,1534,37.3090507025409,127.072725781919
361,용인시,수지구,풍덕천동,A44876205,삼성1차,아파트,경기도 용인수지구 풍덕천동 693 삼성1차,경기도 용인시 수지구 수풍로 13,6,576,688,366,322,37.3264294824777,127.087861493609
362,용인시,수지구,풍덕천동,A44876107,수지보원아파트,아파트,경기도 용인수지구 풍덕천동 692 수지보원아파트,경기도 용인시 수지구 수풍로 16,5,619,440,220,220,37.3261174567638,127.091193519229
363,용인시,수지구,풍덕천동,A44876303,수지2차삼성,아파트,경기도 용인수지구 풍덕천동 692-1 수지2차삼성,경기도 용인시 수지구 수풍로 38,5,420,300,20,280,37.326731637609,127.091844384411
364,용인시,수지구,풍덕천동,A44817001,수지동문,아파트,경기도 용인수지구 풍덕천동 690 수지동문,경기도 용인시 수지구 수풍로 47,5,368,379,282,97,37.3290253093973,127.091139488863
365,용인시,수지구,풍덕천동,A44876411,수지4차삼성,아파트,경기도 용인수지구 풍덕천동 663-1 수지4차삼성,경기도 용인시 수지구 수풍로 90,9,1137,710,710,0,37.330418161595,127.093516684522
366,용인시,수지구,풍덕천동,A44817004,수지 진산마을 푸르지오,아파트,경기도 용인수지구 풍덕천동 1191 수지 진산마을 푸르지오,경기도 용인시 수지구 진산로34번길 24,6,438,525,12,513,37.3142775569728,127.093682486019
367,용인시,수지구,풍덕천동,A44817003,진산마을삼성래미안7차,아파트,경기도 용인수지구 풍덕천동 1180 진산마을삼성래미안7차,경기도 용인시 수지구 진산로34번길 29,12,501,1280,79,1201,37.3152042209919,127.095881780815
368,용인시,처인구,김량장동,A44902003,용인삼환나우빌아파트,아파트,경기도 용인처인구 김량장동 516 용인삼환나우빌아파트,경기도 용인시 처인구 중부대로 1348,10,458,564,109,455,37.2347371362997,127.193993074884
369,용인시,처인구,양지리,A44982301,양지마을신원아침도시,아파트,경기도 용인처인구 양지면 양지리 907 양지마을신원아침도시,경기도 용인시 처인구 교동로 1,3,156,160,59,101,37.2347110399464,127.285189473495
370,용인시,기흥구,상하동,A44656806,신일유토빌,아파트,경기도 용인기흥구 상하동 656 신일유토빌,경기도 용인시 기흥구 어정로 62-7,11,510,738,153,585,37.2703803487072,127.1395266513
371,용인시,기흥구,상하동,A44671902,지석마을그대가크레던스,아파트,경기도 용인기흥구 상하동 675 지석마을그대가크레던스,경기도 용인시 기흥구 어정로 62-28,8,554,1011,22,989,37.2678764117371,127.13560201042
372,용인시,기흥구,상하동,A44677505,초록마을 풍림아파트,아파트,경기도 용인기흥구 상하동 447 초록마을 풍림아파트,경기도 용인시 기흥구 어정로 80,6,469,469,211,258,37.273028241496,127.139674616347
373,용인시,기흥구,신갈동,A10026407,삼익리베리움,도시형 생활주택(아파트),경기도 용인기흥구 신갈동 71-35 삼익리베리움,경기도 용인시 기흥구 갈천로7번길 47,1,171,103,19,84,37.2703384908712,127.104723385184
374,용인시,수지구,죽전동,A44816012,성현마을죽전주공3단지,아파트,경기도 용인수지구 죽전동 1233 성현마을죽전주공3단지,경기도 용인시 수지구 죽전로193번길 11,6,388,392,184,208,37.3268391943815,127.12398209004
375,용인시,수지구,죽전동,A44854016,성현마을반도유보라,아파트,경기도 용인수지구 죽전동 1235 성현마을반도유보라,경기도 용인시 수지구 죽전로193번길 35,8,637,1087,353,734,37.3276729273013,127.122416691929
376,용인시,수지구,풍덕천동,A44878510,진산마을삼성5차아파트,아파트,경기도 용인수지구 풍덕천동 1167 진산마을삼성5차아파트,경기도 용인시 수지구 진산로66번길 10,26,1828,2644,709,1935,37.3159965139503,127.093042598521
377,용인시,기흥구,언남동,A44657001,하마비마을동부센트레빌,아파트,경기도 용인기흥구 언남동 493 하마비마을동부센트레빌,경기도 용인시 기흥구 구성로 97,7,418,688,13,675,37.2943652812561,127.12040290424
378,용인시,기흥구,언남동,A44657106,동일하이빌1차,아파트,경기도 용인기흥구 언남동 486 동일하이빌1차,경기도 용인시 기흥구 구성로 105-15,21,999,1654,0,1654,37.2947865035939,127.12536179435
379,용인시,기흥구,언남동,A44677702,언남동부,아파트,경기도 용인기흥구 언남동 240-1 언남동부,경기도 용인시 기흥구 구성로 123,5,446,464,258,206,37.293370775761,127.121929368991
380,용인시,수지구,신봉동,A44815008,엘지빌리지5차B단지,아파트,경기도 용인수지구 신봉동 871 엘지빌리지5차B단지,경기도 용인시 수지구 신봉1로 110,8,556,1235,302,933,37.3272833406666,127.074112207154
381,용인시,수지구,신봉동,A44815007,엘지빌리지5차A단지,아파트,경기도 용인수지구 신봉동 870 엘지빌리지5차A단지,경기도 용인시 수지구 신봉1로 112-2,8,532,1199,245,954,37.3259211635098,127.073092369229
382,용인시,수지구,신봉동,A44853610,동부센트레빌5단지,아파트,경기도 용인수지구 신봉동 949 동부센트레빌5단지,경기도 용인시 수지구 신봉1로 214,8,490,904,0,904,37.3319662511779,127.066572848259
383,용인시,수지구,신봉동,A44853611,신봉동부센트레빌6단지아파트,아파트,경기도 용인수지구 신봉동 6 신봉동부센트레빌6단지아파트,경기도 용인시 수지구 신봉1로 216,8,450,840,0,840,37.3331820295127,127.064921731677
384,용인시,수지구,동천동,A44851005,래미안이스트팰리스2단지,아파트,경기도 용인수지구 동천동 938 래미안이스트팰리스2단지,경기도 용인시 수지구 동천로113번길 10,8,428,787,40,747,37.3371388240297,127.09067319832
385,용인시,기흥구,중동,A44670701,신동백롯데캐슬에코2단지,아파트,경기도 용인기흥구 중동 1101 신동백롯데캐슬에코2단지,경기도 용인시 기흥구 동백죽전대로527번길 67,9,868,1294,8,1286,37.2845043642127,127.147517403777
386,용인시,기흥구,중동,A44675301,신동백롯데캐슬에코1단지,아파트,경기도 용인기흥구 중동 1096 신동백롯데캐슬에코1단지,경기도 용인시 기흥구 동백죽전대로527번길 80,17,1902,2769,0,2769,37.2844229383667,127.143164923122
387,용인시,기흥구,중동,A44675302,신동백서해그랑블1차,아파트,경기도 용인기흥구 중동 1102 신동백서해그랑블1차,경기도 용인시 기흥구 동백죽전대로527번길 81,5,236,365,0,365,37.2804913755287,127.146528557107
388,용인시,처인구,마평동,A44904005,용인마평,아파트,경기도 용인처인구 마평동 956 용인마평,경기도 용인시 처인구 고림로 22,7,639,518,297,221,37.2357245863147,127.214477191055
389,용인시,기흥구,서천동,A44670102,서천마을2단지,아파트,경기도 용인기흥구 서천동 743 서천마을2단지,경기도 용인시 기흥구 서천로128번길 12,8,663,569,268,301,37.2373096857849,127.071519027676
390,용인시,처인구,영문리,A44978603,배머루베네치아,아파트,경기도 용인처인구 포곡읍 영문리 555 배머루베네치아,경기도 용인시 처인구 영문로 64,5,347,422,104,318,37.272491714414,127.20953517256
391,용인시,수지구,동천동,A44851206,신명스카이뷰,아파트,경기도 용인수지구 동천동 870 신명스카이뷰,경기도 용인시 수지구 손곡로 53,4,262,262,62,200,37.335938417693,127.096216416728
392,용인시,수지구,동천동,A44812009,수진마을2단지,아파트,경기도 용인수지구 동천동 868 수진마을2단지,경기도 용인시 수지구 손곡로 54,6,344,549,213,336,37.3374437960249,127.097066708688
393,용인시,수지구,동천동,A44851210,수진마을우미이노스빌,아파트,경기도 용인수지구 동천동 869 수진마을우미이노스빌,경기도 용인시 수지구 손곡로 67,6,396,400,107,293,37.3358683557694,127.094152879344
394,용인시,수지구,동천동,A44851412,수진마을써니벨리,아파트,경기도 용인수지구 동천동 864 수진마을써니벨리,경기도 용인시 수지구 손곡로 82,7,627,750,194,556,37.3373805953074,127.093192422082
395,용인시,수지구,풍덕천동,A44855005,수지태영데시앙1차,아파트,경기도 용인수지구 풍덕천동 1183 수지태영데시앙1차,경기도 용인시 수지구 수지로 166,9,648,661,128,533,37.3155734951697,127.08296384069
396,용인시,수지구,풍덕천동,A44878406,동부1차,아파트,경기도 용인수지구 풍덕천동 691 동부1차,경기도 용인시 수지구 수지로 323,6,612,442,442,0,37.3274629781328,127.093261635609
397,용인시,수지구,동천동,A44851111,동천마을현대1차홈타운,아파트,경기도 용인수지구 동천동 859 동천마을현대1차홈타운,경기도 용인시 수지구 수지로 487,7,466,472,195,277,37.3397104310019,127.099557264529
398,용인시,기흥구,언남동,A44691003,구성신일해피트리,아파트,경기도 용인기흥구 언남동 490 구성신일해피트리,경기도 용인시 기흥구 구성로 184,10,591,713,271,442,37.2903093930033,127.131377562635
399,용인시,수지구,동천동,A44851007,래미안이스트팰리스4단지,아파트,경기도 용인수지구 동천동 923 래미안이스트팰리스4단지,경기도 용인시 수지구 동천로153번길 6,19,620,1352,13,1339,37.3364560321794,127.086447726322
400,용인시,수지구,동천동,A44851006,래미안이스트팰리스1단지,아파트,경기도 용인수지구 동천동 935 래미안이스트팰리스1단지,경기도 용인시 수지구 동천로153번길 7,7,460,948,40,908,37.3363041704464,127.087358201018
401,용인시,수지구,동천동,A10025376,동천 파크 자이 아파트,아파트,경기도 용인수지구 동천동 930 동천 파크 자이 아파트,경기도 용인시 수지구 동천로153번길 79,6,388,475,0,475,37.3321602839599,127.090060938532
402,용인시,수지구,동천동,A10026122,동천더샵파크사이드,아파트,경기도 용인수지구 동천동 917 동천더샵파크사이드,경기도 용인시 수지구 동천로178번길 4,5,330,377,0,377,37.3385802147712,127.085451689556
403,용인시,처인구,마평동,A44992902,마평라이프,아파트,경기도 용인처인구 마평동 605-1 마평라이프,경기도 용인시 처인구 동부로 7,2,290,217,100,117,37.2320260547433,127.214085378328
404,용인시,수지구,상현동,A10026428,포레나광교상현,아파트,경기도 용인수지구 상현동 1206 포레나광교상현,경기도 용인시 수지구 수지로 17,8,639,766,9,757,37.3065828331701,127.072617824971
405,용인시,수지구,상현동,A44852804,광교현대프레미오,아파트,경기도 용인수지구 상현동 168-1 광교현대프레미오,경기도 용인시 수지구 수지로 41,3,300,671,175,496,37.3068607108703,127.0734962379
406,용인시,기흥구,신갈동,A44696104,신갈삼익,아파트,경기도 용인기흥구 신갈동 14 신갈삼익,경기도 용인시 기흥구 신갈로124번길 3,2,296,228,112,116,37.2783666358939,127.106075977986
407,용인시,기흥구,지곡동,A44659201,자봉마을써니밸리,아파트,경기도 용인기흥구 지곡동 704 자봉마을써니밸리,경기도 용인시 기흥구 사은로 274-22,14,1092,1371,268,1103,37.2507075009261,127.134259561553
408,용인시,처인구,역북동,A44972203,역북마을신성,아파트,경기도 용인처인구 역북동 721-1 역북마을신성,경기도 용인시 처인구 명지로 15-5,8,475,475,113,362,37.2354205089921,127.189754074397
409,용인시,처인구,역북동,A44972201,역북마을금강,아파트,경기도 용인처인구 역북동 721-2 역북마을금강,경기도 용인시 처인구 명지로 15-29,2,150,151,38,113,37.2347450748545,127.190658312781
410,용인시,처인구,역북동,A44972202,역북마을보성,아파트,경기도 용인처인구 역북동 721-3 역북마을보성,경기도 용인시 처인구 명지로 15-33,3,162,249,59,190,37.2350054175335,127.191644125489
411,용인시,처인구,남동,A44903001,삼라마이다스빌,아파트,경기도 용인처인구 남동 684 삼라마이다스빌,경기도 용인시 처인구 명지로 307,3,159,161,161,0,37.2281701147784,127.20980855426
412,용인시,처인구,유방동,A44972404,인정프린스3차,아파트,경기도 용인처인구 유방동 1007-51 인정프린스3차,경기도 용인시 처인구 경안천로 368,2,380,171,128,43,37.263721397637,127.216520743689
413,용인시,처인구,유방동,A44972402,용인인정프린스2차,아파트,경기도 용인처인구 유방동 1007-50 용인인정프린스2차,경기도 용인시 처인구 경안천로 378,3,330,241,200,41,37.2646120521987,127.216779994487
414,용인시,처인구,고림동,A10026328,양우내안애 에듀파크,아파트,경기도 용인처인구 고림동 730-1 양우내안애 에듀파크,경기도 용인시 처인구 경안천로 112,8,737,813,0,813,37.2418513585198,127.214857565402
415,용인시,기흥구,중동,A44691604,신동백아이파크,아파트,경기도 용인기흥구 중동 1081 신동백아이파크,경기도 용인시 기흥구 언동로217번길 11,6,313,544,176,368,37.2771000876953,127.144735602602
416,용인시,기흥구,중동,A44675303,신동백서해그랑블2차,아파트,경기도 용인기흥구 중동 1139 신동백서해그랑블2차,경기도 용인시 기흥구 언동로217번길 31,10,817,1112,8,1104,37.2793645553415,127.147384127297
417,용인시,수지구,신봉동,A44853509,우남퍼스트빌,아파트,경기도 용인수지구 신봉동 905 우남퍼스트빌,경기도 용인시 수지구 신봉1로 27,11,962,841,122,719,37.319200366708,127.081755032051
418,용인시,수지구,신봉동,A44853503,서홍마을현대효성,아파트,경기도 용인수지구 신봉동 893 서홍마을현대효성,경기도 용인시 수지구 신봉1로 28,6,388,403,60,343,37.3208968479859,127.081732387572
419,용인시,처인구,김량장동,A44970503,용인에스원스마트빌,도시형 생활주택(주상복합),경기도 용인처인구 김량장동 63-9 용인에스원스마트빌,경기도 용인시 처인구 백옥대로 1104,1,299,73,0,73,37.2341415411794,127.209391465262
420,용인시,기흥구,영덕동,A44678704,흥덕마을주공4단지,아파트,경기도 용인기흥구 영덕동 1021 흥덕마을주공4단지,경기도 용인시 기흥구 흥덕2로 46,5,383,317,122,195,37.2718039860621,127.073986648061
421,용인시,기흥구,영덕동,A44678705,흥덕마을3단지,아파트,경기도 용인기흥구 영덕동 1022 흥덕마을3단지,경기도 용인시 기흥구 흥덕2로 80,11,866,705,209,496,37.274827017159,127.074640523095
422,용인시,기흥구,영덕동,A44678712,흥덕마을7단지힐스테이트,아파트,경기도 용인기흥구 영덕동 969 흥덕마을7단지힐스테이트,경기도 용인시 기흥구 흥덕2로 126,9,570,631,629,2,37.2790215586696,127.074465492066
423,용인시,기흥구,영덕동,A44678708,흥덕마을12단지,아파트,경기도 용인기흥구 영덕동 1069 흥덕마을12단지,경기도 용인시 기흥구 흥덕3로 20,14,759,1485,0,1485,37.2716435237123,127.083835179275
424,용인시,기흥구,영덕동,A44678709,흥덕마을14단지 호반베르디움,아파트,경기도 용인기흥구 영덕동 1079 흥덕마을14단지 호반베르디움,경기도 용인시 기흥구 흥덕3로 60,4,236,496,2,494,37.2736601925162,127.082868553444
425,용인시,처인구,삼가동,A44978002,우남퍼스트빌,아파트,경기도 용인처인구 삼가동 537 우남퍼스트빌,경기도 용인시 처인구 금학로 91,7,451,550,155,395,37.2401835987824,127.173980330492
426,용인시,처인구,마평동,A44904004,푸른마을 용인 자이 아파트,아파트,경기도 용인처인구 마평동 957 푸른마을 용인 자이 아파트,경기도 용인시 처인구 금학로 520,8,502,567,165,402,37.2343743260703,127.218933241943
427,용인시,처인구,삼가동,A44971803,진우,아파트,경기도 용인처인구 삼가동 265 진우,경기도 용인시 처인구 중부대로 1144,5,582,553,351,202,37.2388157946696,127.172143024956
428,용인시,기흥구,청덕동,A44657503,청덕마을광도와이드빌,아파트,경기도 용인기흥구 청덕동 482 청덕마을광도와이드빌,경기도 용인시 기흥구 언동로71번길 64,7,476,575,284,291,37.2882117939463,127.146048909546
429,용인시,기흥구,마북동,A44693813,연원마을벽산아파트,아파트,경기도 용인기흥구 마북동 524-8 연원마을벽산아파트,경기도 용인시 기흥구 연원로42번길 2,27,1576,2018,395,1623,37.3004419678659,127.111378894338
430,용인시,기흥구,마북동,A44655801,연원마을삼성쉐르빌아파트,아파트,경기도 용인기흥구 마북동 624 연원마을삼성쉐르빌아파트,경기도 용인시 기흥구 연원로42번길 33,5,316,756,195,561,37.3019634908872,127.114832245818
431,용인시,처인구,김량장동,A10026993,유메이드,도시형 생활주택(주상복합),경기도 용인처인구 김량장동 254-158 유메이드,경기도 용인시 처인구 금령로 43,1,299,149,0,149,37.2350929624375,127.201120887894
432,용인시,기흥구,신갈동,A44658506,새릉골풍림,아파트,경기도 용인기흥구 신갈동 166 새릉골풍림,경기도 용인시 기흥구 기흥로116번길 7,5,340,341,160,181,37.2871558759002,127.111313524212
433,용인시,기흥구,신갈동,A44658814,기흥파크뷰(새천년그린빌5단지),아파트,경기도 용인기흥구 신갈동 697 기흥파크뷰(새천년그린빌5단지),경기도 용인시 기흥구 기흥로116번길 60,19,915,944,217,727,37.2875362402249,127.120479194225
434,용인시,기흥구,신갈동,A44658807,용인신갈푸르지오,아파트,경기도 용인기흥구 신갈동 691 용인신갈푸르지오,경기도 용인시 기흥구 기흥로116번길 77,7,346,605,172,433,37.2895213862579,127.11808557837
435,용인시,기흥구,언남동,A44679205,초원마을성원상떼빌,아파트,경기도 용인기흥구 언남동 500 초원마을성원상떼빌,경기도 용인시 기흥구 기흥로116번길 100,10,860,1303,50,1253,37.2893754230178,127.125693279745
436,용인시,기흥구,서천동,A44690601,예현마을현대홈타운,아파트,경기도 용인기흥구 서천동 705 예현마을현대홈타운,경기도 용인시 기흥구 예현로35번길 21,8,622,910,910,0,37.2412105840823,127.067368862997
437,용인시,처인구,유방동,A44972403,인정프린스1차,아파트,경기도 용인처인구 유방동 1007-1 인정프린스1차,경기도 용인시 처인구 금어로 6,4,375,209,209,0,37.2649107799949,127.216318629405
438,용인시,처인구,고림동,A44901002,보평마을 삼정그린뷰 아파트,아파트,경기도 용인처인구 고림동 1001 보평마을 삼정그린뷰 아파트,경기도 용인시 처인구 금어로 74,7,360,434,211,223,37.2654793327914,127.223261181051
439,용인시,처인구,고림동,A44978805,금평마을영화,아파트,경기도 용인처인구 고림동 1000 금평마을영화,경기도 용인시 처인구 금어로 102,6,428,536,234,302,37.2656108976731,127.225536170175
440,용인시,처인구,천리,A44983303,한천마을금광베네스타,아파트,경기도 용인처인구 이동읍 천리 1134 한천마을금광베네스타,경기도 용인시 처인구 백옥대로 711,9,460,502,264,238,37.2000126670327,127.208102044125
441,용인시,처인구,천리,A10027387,에이스카운티아파트,아파트,경기도 용인처인구 이동읍 천리 1142 에이스카운티아파트,경기도 용인시 처인구 백옥대로 737,9,430,478,73,405,37.2022773855101,127.208654696125
442,용인시,처인구,둔전리,A44982804,금전마을리슈빌아파트,아파트,경기도 용인처인구 포곡읍 둔전리 447 금전마을리슈빌아파트,경기도 용인시 처인구 둔전로 15,8,441,485,160,325,37.2667911575817,127.215480376765
443,용인시,수지구,성복동,A10024775,성복역 롯데캐슬파크나인아파트,아파트,경기도 용인수지구 성복동 814 성복역 롯데캐슬파크나인아파트,경기도 용인시 수지구 성복1로 13,8,534,702,43,659,37.3108741881584,127.073791408878
444,용인시,수지구,동천동,A10024930,더샵동천이스트포레아파트,아파트,경기도 용인수지구 동천동 151-2 더샵동천이스트포레아파트,경기도 용인시 수지구 수풍로 89,10,980,1226,0,1226,37.3328305263887,127.090813807316
445,용인시,수지구,성복동,A10024453,성복역 롯데캐슬 클라시엘 아파트,아파트,경기도 용인수지구 성복동 192-1 성복역 롯데캐슬 클라시엘 아파트,경기도 용인시 수지구 성복1로 35,20,1094,1530,68,1462,37.3142264047401,127.073779230336
446,용인시,수지구,상현동,A10024390,광교상현솔하임,도시형 생활주택(주상복합),경기도 용인수지구 상현동 1219 광교상현솔하임,경기도 용인시 수지구 상현로 6,1,224,179,23,156,37.3025115899845,127.074650278871
447,용인시,수지구,죽전동,A10024338,죽전역솔하임,도시형 생활주택(주상복합),경기도 용인수지구 죽전동 1088-2 죽전역솔하임,경기도 용인시 수지구 정든로 5,1,234,170,12,158,37.3275054456876,127.113540494502
448,용인시,기흥구,중동,A10025674,동백하우스디카바나,아파트,경기도 용인기흥구 중동 1100 동백하우스디카바나,경기도 용인시 기흥구 동백죽전대로527번길 34,4,284,313,28,285,37.2852183858318,127.147124111918
449,용인시,수지구,신봉동,A10025673,신봉동 동도센트리움,아파트,경기도 용인수지구 신봉동 965 신봉동 동도센트리움,경기도 용인시 수지구 신봉3로 6,2,184,202,9,193,37.3283036176158,127.067261275289
450,용인시,수지구,신봉동,A10023754,힐스테이트 광교산,아파트,경기도 용인수지구 신봉동  힐스테이트 광교산,경기도 용인시 수지구 신봉2로 154,10,789,1026,0,1026,37.3324669442292,127.067228314575
451,용인시,수지구,동천동,A10023868,한화포레나수지동천,,경기도 용인수지구 동천동  한화포레나수지동천,경기도 용인시 수지구 고기로45번길 40,3,293,311,311,0,37.3401906166844,127.092876981329
452,용인시,처인구,아곡리,A10023854,이편한세상용인파크카운티,연립주택,경기도 용인처인구 남사읍 아곡리 686 이편한세상용인파크카운티,경기도 용인시 처인구 남사읍 한숲로33번길 36,8,75,115,1,114,37.1546270499204,127.167109985309
453,용인시,기흥구,언남동,A10024208,힐스테이트 구성 아파트,아파트,경기도 용인기흥구 언남동 315 힐스테이트 구성 아파트,경기도 용인시 기흥구 용인향교로 29,8,699,874,117,757,37.2974293956629,127.119286924919
454,용인시,기흥구,마북동,A44655607,교동마을LG자이,아파트,경기도 용인기흥구 마북동 617 교동마을LG자이,경기도 용인시 기흥구 마북로 182,7,450,583,283,300,37.3046052126458,127.126520830689
455,용인시,수지구,상현동,A44813013,광교마을46단지 광교스타클래스,아파트,경기도 용인수지구 상현동 1108 광교마을46단지 광교스타클래스,경기도 용인시 수지구 법조로 252,3,220,392,2,390,37.3006839247267,127.076070647606
456,용인시,기흥구,마북동,A44691203,교동마을쌍용,아파트,경기도 용인기흥구 마북동 621 교동마을쌍용,경기도 용인시 기흥구 마북로154번길 23,7,340,654,13,641,37.3027252123596,127.128019413568
457,용인시,수지구,죽전동,A44816010,도담마을아이파크,아파트,경기도 용인수지구 죽전동 331 도담마을아이파크,경기도 용인시 수지구 대지로 82,3,360,360,170,190,37.329249591719,127.117399191309
458,용인시,수지구,상현동,A44813011,광교마을46단지광교스타클래스,아파트,경기도 용인수지구 상현동 1107 광교마을46단지광교스타클래스,경기도 용인시 수지구 법조로 251,3,168,323,2,321,37.3012986515503,127.074449326457
459,용인시,수지구,풍덕천동,A44899104,진산마을삼성래미안6차,아파트,경기도 용인수지구 풍덕천동 1168-2 진산마을삼성래미안6차,경기도 용인시 수지구 진산로 108,11,343,729,179,550,37.3187927615522,127.099705663246
460,용인시,수지구,신봉동,A44853608,동일하이빌3단지,아파트,경기도 용인수지구 신봉동 985 동일하이빌3단지,경기도 용인시 수지구 신봉3로 25,13,594,1138,0,1138,37.3265619821006,127.064895049438
461,용인시,처인구,역북동,A10027349,역북1단지 우남퍼스트빌 아파트,아파트,경기도 용인처인구 역북동 291-8 역북1단지 우남퍼스트빌 아파트,경기도 용인시 처인구 낙은로 60,6,409,429,79,350,37.2427209713758,127.196863141001
462,용인시,기흥구,보라동,A44658307,보라마을현대모닝사이드2차,아파트,경기도 용인기흥구 보라동 564 보라마을현대모닝사이드2차,경기도 용인시 기흥구 용구대로 1842,12,771,1234,360,874,37.2522132230294,127.105729889874
463,용인시,수지구,죽전동,A44816003,죽전7차현대홈타운1단지,아파트,경기도 용인수지구 죽전동 1151 죽전7차현대홈타운1단지,경기도 용인시 수지구 탄천상로 7,5,162,178,61,117,37.3316949444179,127.11158129507
464,용인시,기흥구,신갈동,A44658414,기흥더샵프라임뷰,아파트,경기도 용인기흥구 신갈동 733 기흥더샵프라임뷰,경기도 용인시 기흥구 구갈로 71-18,8,612,775,0,775,37.2826672623871,127.110737118808
465,용인시,기흥구,신갈동,A44658415,기흥역롯데캐슬스카이,주상복합,경기도 용인기흥구 신갈동 63 기흥역롯데캐슬스카이,경기도 용인시 기흥구 중부대로 375,3,625,797,0,797,37.2719908869697,127.10785938159
466,용인시,기흥구,서천동,A10027304,힐스테이트 서천 아파트,아파트,경기도 용인기흥구 서천동 801 힐스테이트 서천 아파트,경기도 용인시 기흥구 서천동로 22,12,754,912,4,908,37.238322395798,127.075684044275
467,용인시,처인구,역북동,A10027347,역북2단지 우남퍼스트빌아파트,아파트,경기도 용인처인구 역북동 282 역북2단지 우남퍼스트빌아파트,경기도 용인시 처인구 낙은로 59,7,505,532,73,459,37.2415236089635,127.196679365345
